"","site","sensor","year","month","monthly_mean_temp","monthly_mean_humid"
"1","Bülach - Feldermösli",531,"2019","05",11.3762553286964,74.8709872111286
"2","Bülach - Feldermösli",531,"2019","06",20.0662891622186,70.2545022046879
"3","Bülach - Feldermösli",531,"2019","07",21.3723733751681,65.1535992828328
"4","Bülach - Feldermösli",531,"2019","08",19.6335964125561,75.8715650224215
"5","Bülach - Feldermösli",531,"2019","09",14.9434799382716,80.5374537037037
"6","Bülach - Feldermösli",531,"2019","10",11.4566314454776,91.6930473372781
"7","Bülach - Feldermösli",531,"2019","11",5.70166276894294,89.8124555659495
"8","Bülach - Feldermösli",531,"2019","12",3.30783895388851,90.3601537049782
"9","Bülach - Feldermösli",531,"2020","01",2.51221536351166,87.7855189757659
"10","Bülach - Feldermösli",531,"2020","02",6.4268776060829,74.4763796909492
"11","Bülach - Feldermösli",531,"2020","03",6.17599588383261,71.9883283786874
"12","Bülach - Feldermösli",531,"2020","04",12.8794811578372,54.433629164391
"13","Bülach - Feldermösli",531,"2020","05",13.9062209302326,73.834311505508
"14","Bülach - Feldermösli",531,"2020","06",17.1277715307948,75.8438640429338
"15","Bülach - Feldermösli",531,"2020","07",19.8132365145228,68.310755186722
"16","Bülach - Feldermösli",531,"2020","08",20.5250917321897,73.6357612580415
"17","Bülach - Süd",532,"2019","05",11.8054947273951,72.5024343728966
"18","Bülach - Süd",532,"2019","06",20.8715977705527,65.8842266604738
"19","Bülach - Süd",532,"2019","07",22.3110194624652,61.1445852641335
"20","Bülach - Süd",532,"2019","08",20.2583480625425,72.4394742805348
"21","Bülach - Süd",532,"2019","09",15.8877211328976,76.9886100217865
"22","Bülach - Süd",532,"2019","10",12.0172494956288,87.8051401031159
"23","Bülach - Süd",532,"2019","11",5.92646826319461,88.9509997674959
"24","Bülach - Süd",532,"2019","12",3.64672838112441,89.6827048995259
"25","Bülach - Süd",532,"2020","01",2.63297038724374,87.6976697038724
"26","Bülach - Süd",532,"2020","02",6.59916806924742,73.7156143303679
"27","Bülach - Süd",532,"2020","03",6.44203156708005,70.3622570462232
"28","Bülach - Süd",532,"2020","04",13.3812666485458,51.6963930415874
"29","Bülach - Süd",532,"2020","05",14.5039882525697,70.3978972099853
"30","Bülach - Süd",532,"2020","06",17.777239969333,70.9094939943777
"31","Bülach - Süd",532,"2020","07",20.6322189108643,62.2729991872121
"32","Bülach - Süd",532,"2020","08",21.2744852597099,66.4634627983154
"33","Elsau - Halden",2805,"2019","06",21.31536720921,70.0606034140532
"34","Elsau - Halden",2805,"2019","07",20.696195998181,68.417562528422
"35","Elsau - Halden",2805,"2019","08",18.9675509741731,79.8065518803806
"36","Elsau - Halden",2805,"2019","09",14.8513323124043,81.6572833078101
"37","Elsau - Halden",2805,"2019","10",11.326288297338,92.1493370165746
"38","Elsau - Halden",2805,"2019","11",5.11346520828485,90.7276006516174
"39","Elsau - Halden",2805,"2019","12",3.00633544590312,89.2291421457673
"40","Elsau - Halden",2805,"2020","01",2.09883152173913,85.9942776268116
"41","Elsau - Halden",2805,"2020","02",6.15299060919817,73.2228244642427
"42","Elsau - Halden",2805,"2020","03",5.46980343425215,74.2212878445549
"43","Elsau - Halden",2805,"2020","04",11.9426540540541,59.2142324324324
"44","Elsau - Halden",2805,"2020","05",13.0776506729081,78.1632796957285
"45","Elsau - Halden",2805,"2020","06",16.2009511889862,79.5727384230288
"46","Elsau - Halden",2805,"2020","07",18.8979768318966,72.5602774784483
"47","Elsau - Halden",2805,"2020","08",19.7987567314446,75.9335893233435
"48","Lindau - Tagelswangen",2693,"2019","05",13.0560170212766,76.9279234042553
"49","Lindau - Tagelswangen",2693,"2019","06",19.7803572395129,68.9642814614344
"50","Lindau - Tagelswangen",2693,"2019","07",20.6102880658436,69.826739826246
"51","Lindau - Tagelswangen",2693,"2019","08",18.9548169206277,78.1813031612463
"52","Lindau - Tagelswangen",2693,"2019","09",15.3384513858337,81.4572371315442
"53","Lindau - Tagelswangen",2693,"2019","10",11.4271639748152,87.9332986586367
"54","Lindau - Tagelswangen",2693,"2019","11",5.19335457557991,88.8512184552638
"55","Lindau - Tagelswangen",2693,"2019","12",3.09247657938986,87.8075714628873
"56","Lindau - Tagelswangen",2693,"2020","01",1.97900261842418,85.8966246131873
"57","Lindau - Tagelswangen",2693,"2020","02",5.94532807731434,73.9351653102747
"58","Lindau - Tagelswangen",2693,"2020","03",5.48778939862135,73.6568671262182
"59","Lindau - Tagelswangen",2693,"2020","04",12.1973299463731,57.7392887383573
"60","Lindau - Tagelswangen",2693,"2020","05",13.4250341402855,76.017712600869
"61","Lindau - Tagelswangen",2693,"2020","06",16.2945389696169,79.2787767503303
"62","Lindau - Tagelswangen",2693,"2020","07",18.9201132823563,73.4664882469555
"63","Lindau - Tagelswangen",2693,"2020","08",19.6797355412753,76.7705882352941
"64","Oberembrach - Schüler",2694,"2019","05",10.5528420794507,81.2316503187837
"65","Oberembrach - Schüler",2694,"2019","06",18.7715816471929,75.7727472214306
"66","Oberembrach - Schüler",2694,"2019","07",20.036548197392,74.7251188954232
"67","Oberembrach - Schüler",2694,"2019","08",18.4297516276827,82.7940053050398
"68","Oberembrach - Schüler",2694,"2019","09",14.4012694877506,83.736411072224
"69","Oberembrach - Schüler",2694,"2019","10",10.9097098976109,93.8921444823663
"70","Oberembrach - Schüler",2694,"2019","11",5.0309062170706,92.4796285563751
"71","Oberembrach - Schüler",2694,"2019","12",2.63930191532258,91.9436340725807
"72","Oberembrach - Schüler",2694,"2020","01",1.40278814209047,90.1984615384615
"73","Oberembrach - Schüler",2694,"2020","02",5.40145979492715,77.7715110631408
"74","Oberembrach - Schüler",2694,"2020","03",5.0883973374296,75.7052713773681
"75","Oberembrach - Schüler",2694,"2020","04",11.0895048602673,63.7738426488457
"76","Oberembrach - Schüler",2694,"2020","05",12.6762553191489,79.506414893617
"77","Oberembrach - Schüler",2694,"2020","06",15.9636136624569,79.4993226176808
"78","Oberembrach - Schüler",2694,"2020","07",18.2890976975731,74.9269010578718
"79","Oberembrach - Schüler",2694,"2020","08",19.1600054083288,77.9579529475392
"80","Opfikon - Glattpark",2681,"2019","05",11.9394697148244,70.7772118783879
"81","Opfikon - Glattpark",2681,"2019","06",21.0676078431373,62.862893557423
"82","Opfikon - Glattpark",2681,"2019","07",22.1705127031357,61.6087708857862
"83","Opfikon - Glattpark",2681,"2019","08",20.0587511520737,73.8165875576037
"84","Opfikon - Glattpark",2681,"2019","09",15.8883749702593,76.8065548417797
"85","Opfikon - Glattpark",2681,"2019","10",12.336243046641,84.7014462986735
"86","Opfikon - Glattpark",2681,"2019","11",5.47922127987664,85.4142598303778
"87","Opfikon - Glattpark",2681,"2019","12",3.8173522867738,88.7081112484549
"88","Opfikon - Glattpark",2681,"2020","01",2.70328461907044,87.23472688069
"89","Opfikon - Glattpark",2681,"2020","02",6.73890507152146,72.2169648894668
"90","Opfikon - Glattpark",2681,"2020","03",6.53915238318854,69.947255224231
"91","Opfikon - Glattpark",2681,"2020","04",13.3599105145414,52.4877432885906
"92","Opfikon - Glattpark",2681,"2020","05",14.5552255054432,70.5782426127527
"93","Opfikon - Glattpark",2681,"2020","06",17.591140327341,73.0980520525892
"94","Opfikon - Glattpark",2681,"2020","07",20.5970976491863,65.4504219409283
"95","Opfikon - Glattpark",2681,"2020","08",21.1398400412797,70.3228973168215
"96","Regensdorf - BahnhofNord",2685,"2019","05",14.2896662786185,67.4751416375631
"97","Regensdorf - BahnhofNord",2685,"2019","06",21.2570164208183,61.6775424436404
"98","Regensdorf - BahnhofNord",2685,"2019","07",22.4161878081578,59.4858538771851
"99","Regensdorf - BahnhofNord",2685,"2019","08",20.3552005377549,71.5129800582568
"100","Regensdorf - BahnhofNord",2685,"2019","09",17.6632235701906,73.6891681109185
"101","Regensdorf - BahnhofNord",2685,"2019","10",12.1590522287258,86.8112336785232
"102","Regensdorf - BahnhofNord",2685,"2019","11",5.86556820822682,87.8516453636997
"103","Regensdorf - BahnhofNord",2685,"2019","12",3.69612410071942,88.1945256294964
"104","Regensdorf - BahnhofNord",2685,"2020","01",2.52404135760845,86.6957383681726
"105","Regensdorf - BahnhofNord",2685,"2020","02",6.59080633549316,71.9581809455244
"106","Regensdorf - BahnhofNord",2685,"2020","03",6.32445466786355,70.0648990125673
"107","Regensdorf - BahnhofNord",2685,"2020","04",13.3240547063556,51.8971520514883
"108","Regensdorf - BahnhofNord",2685,"2020","05",14.552263493906,70.1604643064423
"109","Regensdorf - BahnhofNord",2685,"2020","06",17.7356257775566,71.967200796218
"110","Regensdorf - Bahnstrasse",2624,"2020","03",4.86031914893617,NA
"111","Regensdorf - Bahnstrasse",2624,"2020","04",13.7120281995662,NA
"112","Regensdorf - Bahnstrasse",2624,"2020","05",14.7956907701352,NA
"113","Regensdorf - Bahnstrasse",2624,"2020","06",17.8581257925437,NA
"114","Regensdorf - Bahnstrasse",2624,"2020","07",20.8342759749114,NA
"115","Regensdorf - Bahnstrasse",2624,"2020","08",21.5141395680038,NA
"116","Regensdorf - Dörndlerweg",2621,"2020","03",4.60427083333333,NA
"117","Regensdorf - Dörndlerweg",2621,"2020","04",13.3201470981546,NA
"118","Regensdorf - Dörndlerweg",2621,"2020","05",14.1468191027496,NA
"119","Regensdorf - Dörndlerweg",2621,"2020","06",17.0468602630926,NA
"120","Regensdorf - Dörndlerweg",2621,"2020","07",20.0604249064671,NA
"121","Regensdorf - Dörndlerweg",2621,"2020","08",20.7386703729442,NA
"122","Regensdorf - Geerenwiesstrasse",2654,"2019","05",13.9506089992242,70.5832854926299
"123","Regensdorf - Geerenwiesstrasse",2654,"2019","06",20.7051090487239,67.0603712296984
"124","Regensdorf - Geerenwiesstrasse",2654,"2019","07",22.0908660533991,62.4652972851694
"125","Regensdorf - Geerenwiesstrasse",2654,"2019","08",20.161768661735,73.7535014570724
"126","Regensdorf - Geerenwiesstrasse",2654,"2019","09",16.8625035360679,76.7098444130127
"127","Regensdorf - Geerenwiesstrasse",2654,"2019","10",11.9822362204724,88.5463892013498
"128","Regensdorf - Geerenwiesstrasse",2654,"2019","11",5.57633739736253,89.9068599154018
"129","Regensdorf - Geerenwiesstrasse",2654,"2019","12",3.45317166704263,90.378466050079
"130","Regensdorf - Geerenwiesstrasse",2654,"2020","01",2.31103456065055,88.8967856336119
"131","Regensdorf - Geerenwiesstrasse",2654,"2020","02",6.40256799037304,73.8400746089049
"132","Regensdorf - Geerenwiesstrasse",2654,"2020","03",6.19834872719081,72.1737215589097
"133","Regensdorf - Geerenwiesstrasse",2654,"2020","04",13.0738945669715,54.8593544916622
"134","Regensdorf - Geerenwiesstrasse",2654,"2020","05",14.2650638792102,73.8764576074332
"135","Regensdorf - Geerenwiesstrasse",2654,"2020","06",17.4778356912385,75.115956813105
"136","Regensdorf - Geerenwiesstrasse",2654,"2020","07",20.3142257288045,66.5278122492645
"137","Regensdorf - Geerenwiesstrasse",2654,"2020","08",21.060343866171,71.4890543680297
"138","Regensdorf - Obere-Griesstrasse",2622,"2020","03",4.24256544502618,NA
"139","Regensdorf - Obere-Griesstrasse",2622,"2020","04",12.3278711409396,NA
"140","Regensdorf - Obere-Griesstrasse",2622,"2020","05",13.6223164005806,NA
"141","Regensdorf - Obere-Griesstrasse",2622,"2020","06",16.7403467198803,NA
"142","Regensdorf - Obere-Griesstrasse",2622,"2020","07",19.3543428111588,NA
"143","Regensdorf - Obere-Griesstrasse",2622,"2020","08",20.1831938633194,NA
"144","Regensdorf - Ruggacher",2625,"2020","04",13.6440408038977,NA
"145","Regensdorf - Ruggacher",2625,"2020","05",13.8911757789536,NA
"146","Regensdorf - Ruggacher",2625,"2020","06",16.9752975144364,NA
"147","Regensdorf - Ruggacher",2625,"2020","07",19.727643894567,NA
"148","Regensdorf - Ruggacher",2625,"2020","08",20.2735092225076,NA
"149","Regensdorf - Wisacher",2623,"2020","03",4.68521739130435,NA
"150","Regensdorf - Wisacher",2623,"2020","04",13.4197637583893,NA
"151","Regensdorf - Wisacher",2623,"2020","05",14.6332789749563,NA
"152","Regensdorf - Wisacher",2623,"2020","06",17.8051169154229,NA
"153","Regensdorf - Wisacher - neu",2626,"2020","07",20.0559791052773,NA
"154","Regensdorf - Wisacher - neu",2626,"2020","08",20.741889818689,NA
"155","Schlieren - Badenerstrasse",2650,"2019","05",12.6760701438849,66.8810364208633
"156","Schlieren - Badenerstrasse",2650,"2019","06",21.7796299744007,60.6205818012567
"157","Schlieren - Badenerstrasse",2650,"2019","07",22.9778661275831,56.8235242587601
"158","Schlieren - Badenerstrasse",2650,"2019","08",20.8555381165919,68.2911704035874
"159","Schlieren - Badenerstrasse",2650,"2019","09",17.5990853158326,71.0013084495488
"160","Schlieren - Badenerstrasse",2650,"2019","10",12.9237087290819,83.4228109452736
"161","Schlieren - Badenerstrasse",2650,"2019","11",6.63524439197167,84.157494687131
"162","Schlieren - Badenerstrasse",2650,"2019","12",4.47194746376812,85.4178577898551
"163","Schlieren - Badenerstrasse",2650,"2020","01",3.44560447080292,83.5655474452555
"164","Schlieren - Badenerstrasse",2650,"2020","02",7.4182653323069,69.4564305876315
"165","Schlieren - Badenerstrasse",2650,"2020","03",7.36772315969675,66.7730545365615
"166","Schlieren - Badenerstrasse",2650,"2020","04",14.6718930635838,47.9300693641619
"167","Schlieren - Badenerstrasse",2650,"2020","05",15.332194367069,66.9324729186011
"168","Schlieren - Badenerstrasse",2650,"2020","06",18.3272134651349,68.822343040342
"169","Schlieren - Badenerstrasse",2650,"2020","07",21.1505343731947,61.0946244945118
"170","Schlieren - Badenerstrasse",2650,"2020","08",21.792132407637,66.2084602033226
"171","Schlieren - Brachweg",2658,"2019","05",11.8339352306183,72.6076373895976
"172","Schlieren - Brachweg",2658,"2019","06",20.4792573221757,67.8931276150628
"173","Schlieren - Brachweg",2658,"2019","07",21.7051979190228,64.1906604840534
"174","Schlieren - Brachweg",2658,"2019","08",19.8539869721474,75.3448113207547
"175","Schlieren - Brachweg",2658,"2019","09",16.4776470588235,78.4722916666667
"176","Schlieren - Brachweg",2658,"2019","10",12.189090088056,88.8377082862949
"177","Schlieren - Brachweg",2658,"2019","11",6.15167445119103,88.910723960766
"178","Schlieren - Brachweg",2658,"2019","12",3.98707918552036,89.5459592760181
"179","Schlieren - Brachweg",2658,"2020","01",2.79441103323536,88.2673276056975
"180","Schlieren - Brachweg",2658,"2020","02",6.80529753265602,73.7956724721819
"181","Schlieren - Brachweg",2658,"2020","03",6.51698423423423,71.8407545045045
"182","Schlieren - Brachweg",2658,"2020","04",13.1919086021505,55.0055752688172
"183","Schlieren - Brachweg",2658,"2020","05",14.3551680795089,73.5123414206372
"184","Schlieren - Brachweg",2658,"2020","06",17.4795906579608,74.8395781014566
"185","Schlieren - Brachweg",2658,"2020","07",20.1441671173607,67.8340346133045
"186","Schlieren - Brachweg",2658,"2020","08",20.8349100194553,72.8228720817121
"187","Schulhaus Borrweg",2660,"2020","06",16.8453372333104,77.7746214728149
"188","Schulhaus Borrweg",2660,"2020","07",19.6955219364599,67.4097125567322
"189","Schulhaus Borrweg",2660,"2020","08",20.2695982259327,72.4637490216541
"190","Thalwil - Gotthardstrasse",2623,"2019","05",15.6951372997712,NA
"191","Thalwil - Gotthardstrasse",2623,"2019","06",21.564535962877,NA
"192","Thalwil - Gotthardstrasse",2623,"2019","07",23.2435016748261,NA
"193","Thalwil - Gotthardstrasse",2623,"2019","08",20.486308830121,NA
"194","Thalwil - Gotthardstrasse",2623,"2019","09",16.4564913093859,NA
"195","Thalwil - Gotthardstrasse",2623,"2019","10",12.706658438061,NA
"196","Thalwil - Gotthardstrasse",2623,"2019","11",7.84757225433526,NA
"197","Thalwil - Kirchbodenstrasse",2621,"2019","05",15.5004710144928,NA
"198","Thalwil - Kirchbodenstrasse",2621,"2019","06",6.23192914403931,NA
"199","Thalwil - Kirchbodenstrasse",2625,"2019","06",26.1733253588517,NA
"200","Thalwil - Kirchbodenstrasse",2625,"2019","07",21.2800337609723,NA
"201","Thalwil - Kirchbodenstrasse",2625,"2019","08",19.3274113952445,NA
"202","Thalwil - Kirchbodenstrasse",2625,"2019","09",15.5212384044527,NA
"203","Thalwil - Kirchbodenstrasse",2625,"2019","10",11.9951113636364,NA
"204","Thalwil - Kirchbodenstrasse",2625,"2019","11",7.24856375838926,NA
"205","Uster - Ackerstrasse",2808,"2019","06",22.7080470588235,63.5568039215686
"206","Uster - Ackerstrasse",2808,"2019","07",21.8635549525102,63.6528312980552
"207","Uster - Ackerstrasse",2808,"2019","08",20.0752540076767,73.8416053285166
"208","Uster - Ackerstrasse",2808,"2019","09",16.3514453635176,78.7760644318677
"209","Uster - Ackerstrasse",2808,"2019","10",12.3496970414201,84.1869443786982
"210","Uster - Ackerstrasse",2808,"2019","11",5.83022798932816,85.7727940819791
"211","Uster - Ackerstrasse",2808,"2019","12",3.58786908405934,83.1033765010596
"212","Uster - Ackerstrasse",2808,"2020","01",2.35633723653396,81.4035011709602
"213","Uster - Ackerstrasse",2808,"2020","02",6.62632416056551,68.9864200959354
"214","Uster - Ackerstrasse",2808,"2020","03",6.24177400047881,69.0612473066794
"215","Uster - Ackerstrasse",2808,"2020","04",13.1641920903955,54.3164830508475
"216","Uster - Ackerstrasse",2808,"2020","05",14.3200275566442,70.3710440906307
"217","Uster - Ackerstrasse",2808,"2020","06",17.3457146724418,72.1779399025447
"218","Uster - Ackerstrasse",2808,"2020","07",20.3432824858757,66.1355988700565
"219","Uster - Ackerstrasse",2808,"2020","08",21.1172129127649,68.7079152291769
"220","Uster - ImLot",2811,"2019","06",22.8202066969822,64.4879164944192
"221","Uster - ImLot",2811,"2019","07",21.847794384058,64.8363383152174
"222","Uster - ImLot",2811,"2019","08",20.0372247394653,75.2911259628455
"223","Uster - ImLot",2811,"2019","09",16.2304224738676,80.8270513937282
"224","Uster - Schulhaus Pünt",2812,"2019","10",12.4006190365371,85.1699511286944
"225","Uster - Schulhaus Pünt",2812,"2019","11",5.9661197493618,86.8081480621954
"226","Uster - Schulhaus Pünt",2812,"2019","12",3.76031888614417,84.0515764653043
"227","Uster - Schulhaus Pünt",2812,"2020","01",2.55952658739062,82.5183576396679
"228","Uster - Schulhaus Pünt",2812,"2020","02",6.88592272618191,68.7851379889609
"229","Uster - Schulhaus Pünt",2812,"2020","03",6.48945479021764,68.702613865829
"230","Uster - Schulhaus Pünt",2812,"2020","04",13.584749665328,53.2776680053548
"231","Uster - Schulhaus Pünt",2812,"2020","05",14.5962626848362,70.1028153087852
"232","Uster - Schulhaus Pünt",2812,"2020","06",17.4717442149789,72.6164095546156
"233","Uster - Schulhaus Pünt",2812,"2020","07",20.2843335117773,67.4906290149893
"234","Uster - Schulhaus Pünt",2812,"2020","08",21.1418256459792,70.069874426467
"235","Uster - SchulhausDorf",2687,"2019","05",16.9671770334928,57.9916746411483
"236","Uster - SchulhausDorf",2687,"2019","06",21.3297831325301,60.7708005354752
"237","Uster - SchulhausDorf",2687,"2019","07",21.9594188916311,63.4521741081445
"238","Uster - SchulhausDorf",2687,"2019","08",19.898029656257,75.2769827005167
"239","Uster - SchulhausDorf",2687,"2019","09",16.0889009556907,80.8077758470895
"240","Uster - SchulhausDorf",2687,"2019","10",12.1503237240076,87.0128449905482
"241","Uster - SchulhausDorf",2687,"2019","11",5.90482527525132,90.4468022977501
"242","Uster - SchulhausDorf",2687,"2019","12",3.76411057136248,88.7699097848716
"243","Uster - SchulhausDorf",2687,"2020","01",2.40916009280742,87.8391392111369
"244","Uster - SchulhausDorf",2687,"2020","02",6.60524566120753,72.1980102664385
"245","Uster - SchulhausDorf",2687,"2020","03",6.43845691845692,71.5433471933472
"246","Uster - SchulhausDorf",2687,"2020","04",13.5224938339271,53.5437270485064
"247","Uster - SchulhausDorf",2687,"2020","05",14.4965730994152,72.2357514619883
"248","Uster - SchulhausDorf",2687,"2020","06",17.3273512427818,75.0989831785087
"249","Uster - SchulhausDorf",2687,"2020","07",20.0213365539453,69.3714492753623
"250","Uster - SchulhausDorf",2687,"2020","08",20.7093770086527,71.6083609394314
"251","Uster - SchulhausPünt",2812,"2019","05",16.6765011820331,58.9372104018912
"252","Uster - SchulhausPünt",2812,"2019","06",21.4086118848654,63.3061049210771
"253","Uster - SchulhausPünt",2812,"2019","07",22.1702107623318,63.5154013452915
"254","Uster - SchulhausPünt",2812,"2019","08",20.1815367383513,74.5999955197133
"255","Uster - SchulhausPünt",2812,"2019","09",16.3380497131931,80.4742017208413
"256","Uster - Sunneloobach",2806,"2019","10",11.640462253194,88.736868757259
"257","Uster - Sunneloobach",2806,"2019","11",5.27151262450776,90.9775028955293
"258","Uster - Sunneloobach",2806,"2019","12",3.08326379542396,88.2563481381786
"259","Uster - Sunneloobach",2806,"2020","01",1.8248552838232,86.2894906888041
"260","Uster - Sunneloobach",2806,"2020","02",6.18306181121227,72.064846669861
"261","Uster - Sunneloobach",2806,"2020","03",5.83212298025135,73.0325471274686
"262","Uster - Sunneloobach",2806,"2020","04",12.6993204922418,58.3792054574639
"263","Uster - Sunneloobach",2806,"2020","05",13.9225637311703,75.0785283893395
"264","Uster - Sunneloobach",2806,"2020","06",16.7433706189411,77.1785806611981
"265","Uster - Sunneloobach",2806,"2020","07",19.2480213903743,73.3378155080214
"266","Uster - Sunneloobach",2806,"2020","08",19.9280050125313,75.8391052631579
"267","Uster - Sunnenloobach",2806,"2019","05",15.8399036144578,65.4973975903614
"268","Uster - Sunnenloobach",2806,"2019","06",19.9946366380311,71.5297980032505
"269","Uster - Sunnenloobach",2806,"2019","07",20.8482227700583,71.1976467951591
"270","Uster - Sunnenloobach",2806,"2019","08",19.0195161290323,81.3484206989247
"271","Uster - Sunnenloobach",2806,"2019","09",15.3135980902778,85.3790104166667
"272","Winterthur - Bahnhof",2810,"2019","10",12.7573408892764,84.2618918918919
"273","Winterthur - Bahnhof",2810,"2019","11",6.23558387395737,84.8785171455051
"274","Winterthur - Bahnhof",2810,"2019","12",3.79868698185077,86.6794017477033
"275","Winterthur - Bahnhof",2810,"2020","01",2.96744227751625,82.1199215422551
"276","Winterthur - Bahnhof",2810,"2020","02",6.86178768272226,69.2747615624251
"277","Winterthur - Bahnhof",2810,"2020","03",6.83725072820972,66.3158055119874
"278","Winterthur - Bahnhof",2810,"2020","04",13.8418123496391,49.0585993049987
"279","Winterthur - Bahnhof",2810,"2020","05",14.8049493487699,67.2968538350217
"280","Winterthur - Bahnhof",2810,"2020","06",17.824648447205,70.3138906832298
"281","Winterthur - Bahnhof (neuer Sensor)",2810,"2019","07",24.3060461861442,59.7658012596221
"282","Winterthur - Bahnhof (neuer Sensor)",2810,"2019","08",20.6185589421784,69.8327835051546
"283","Winterthur - Bahnhof (neuer Sensor)",2810,"2019","09",18.0766512702079,73.0164896073903
"284","Winterthur - Marktgasse",2692,"2019","05",16.2175687103594,62.1541578576462
"285","Winterthur - Marktgasse",2692,"2019","06",21.3956836535784,58.8991729323308
"286","Winterthur - Marktgasse",2692,"2019","07",23.6818728222997,56.1116114982578
"287","Winterthur - Neumarkt",2686,"2019","05",16.0247966339411,63.7777419354839
"288","Winterthur - Neumarkt",2686,"2019","06",21.2574504405286,59.8892676211454
"289","Winterthur - Neumarkt",2686,"2019","07",24.0666782810685,58.428768873403
"290","Winterthur - Neumarkt",2686,"2019","08",20.5176403233049,70.2842792995061
"291","Winterthur - Neumarkt",2686,"2019","09",15.7408030888031,75.5248571428571
"292","Winterthur - Neumarkt",2686,"2019","10",12.5612685914261,85.5350787401575
"293","Winterthur - Neumarkt",2686,"2019","11",6.42748474894416,85.1255302674801
"294","Winterthur - Neumarkt",2686,"2019","12",4.2534325983178,86.0929688565583
"295","Winterthur - Neumarkt",2686,"2020","01",3.20523460746166,83.2372442206455
"296","Winterthur - Neumarkt",2686,"2020","02",6.97572592592593,70.5846592592593
"297","Winterthur - Neumarkt",2686,"2020","03",6.88325511847251,67.7253002070393
"298","Winterthur - Neumarkt",2686,"2020","04",13.7825964432285,49.5334856361149
"299","Winterthur - Neumarkt",2686,"2020","05",15.006001190122,67.4618565903005
"300","Winterthur - Neumarkt",2686,"2020","06",17.9714489372732,70.2431544841887
"301","Winterthur - Neumarkt",2686,"2020","07",20.9331561461794,62.5688289036545
"302","Winterthur - Neumarkt",2686,"2020","08",21.4301649284502,67.9016177540626
"303","Winterthur - Oberer Graben",2691,"2019","05",15.7873371104816,64.3431161473088
"304","Winterthur - Oberer Graben",2691,"2019","06",20.8284288097887,61.2679532814238
"305","Winterthur - Oberer Graben",2691,"2019","07",22.7640052128584,59.1100434404865
"306","Winterthur - Turnerstrasse",2684,"2019","05",15.6159985475672,64.5796949891068
"307","Winterthur - Turnerstrasse",2684,"2019","06",21.1263050660793,59.9716960352423
"308","Winterthur - Turnerstrasse",2684,"2019","07",23.2853385416667,57.3725
"309","Winterthur - Turnerstrasse",2684,"2019","08",20.4306644790812,70.6984249384742
"310","Winterthur - Turnerstrasse",2684,"2019","09",15.4647417116423,75.7463454124904
"311","Winterthur - Turnerstrasse",2684,"2019","10",12.1860558464223,86.5376614310646
"312","Winterthur - Turnerstrasse",2684,"2019","11",6.07302945952215,86.0056529807469
"313","Winterthur - Turnerstrasse",2684,"2019","12",3.77497866606782,87.6033146193577
"314","Winterthur - Turnerstrasse",2684,"2020","01",2.90739824600855,83.9692219473803
"315","Winterthur - Turnerstrasse",2684,"2020","02",6.71521833013436,70.751552303263
"316","Winterthur - Turnerstrasse",2684,"2020","03",6.4866711529834,68.2615186182145
"317","Winterthur - Turnerstrasse",2684,"2020","04",13.5110543216484,49.2057960931228
"318","Winterthur - Turnerstrasse",2684,"2020","05",14.5936865021771,67.590534107402
"319","Winterthur - Turnerstrasse",2684,"2020","06",17.6597347347347,70.1217392392392
"320","Winterthur - Turnerstrasse",2684,"2020","07",20.7104950495049,62.1670056194809
"321","Winterthur - Turnerstrasse",2684,"2020","08",21.2703514897579,67.5762383612663
"322","Winterthur  - Schulhaus Altstadt",2691,"2019","08",20.110602310231,73.4509364686469
"323","Winterthur  - Schulhaus Altstadt",2691,"2019","09",15.9727199799448,75.2924241664578
"324","Winterthur  - Schulhaus Altstadt",2691,"2019","10",12.3142850532161,84.9408838500694
"325","Winterthur  - Schulhaus Altstadt",2691,"2020","04",13.9096184738956,48.6068990246701
"326","Winterthur  - Schulhaus Altstadt",2691,"2020","05",14.3256615198305,69.8928247048138
"327","Winterthur  - Schulhaus Altstadt",2691,"2020","06",17.2942488935173,72.8873366310857
"328","Winterthur  - Schulhaus Altstadt",2691,"2020","07",20.2072334952844,65.0270677336382
"329","Winterthur  - Schulhaus Altstadt",2691,"2020","08",20.9883964800782,70.0294597897825
"330","Zürich - Altuetliberg",2656,"2019","05",8.96391928251121,79.0327825112108
"331","Zürich - Altuetliberg",2656,"2019","06",18.392400185701,70.0251137418756
"332","Zürich - Altuetliberg",2656,"2019","07",19.3199484536082,68.3080658897355
"333","Zürich - Altuetliberg",2656,"2019","08",17.7873598888374,77.5801227420102
"334","Zürich - Altuetliberg",2656,"2019","09",13.9751232241229,79.5274427370252
"335","Zürich - Altuetliberg",2656,"2019","10",10.3794197952218,90.3442298065984
"336","Zürich - Altuetliberg",2656,"2019","11",3.6090044139284,95.1123712604218
"337","Zürich - Altuetliberg",2656,"2019","12",2.02179650613787,92.0728682719547
"338","Zürich - Altuetliberg",2656,"2020","01",0.902913023469857,89.4657409111827
"339","Zürich - Altuetliberg",2656,"2020","02",3.8193510172547,81.1793535925831
"340","Zürich - Altuetliberg",2656,"2020","03",4.10251048088779,76.3111738594328
"341","Zürich - Altuetliberg",2656,"2020","04",12.2891656734207,50.687115613826
"342","Zürich - Altuetliberg",2656,"2020","05",11.7270238095238,76.2736615186615
"343","Zürich - Altuetliberg",2656,"2020","06",14.2984768392371,79.5216485013624
"344","Zürich - Altuetliberg",2656,"2020","07",17.4654260089686,71.370514200299
"345","Zürich - Altuetliberg",2656,"2020","08",18.6601104262969,71.8955803800719
"346","Zürich - Am Wasser / Kempfhofweg",2814,"2019","05",13.6819134318104,NA
"347","Zürich - Am Wasser / Kempfhofweg",2814,"2019","06",21.488789459953,NA
"348","Zürich - Am Wasser / Kempfhofweg",2814,"2019","07",22.6903269278762,NA
"349","Zürich - Am Wasser / Kempfhofweg",2814,"2019","08",20.7555348380765,NA
"350","Zürich - Am Wasser / Kempfhofweg",2814,"2019","09",16.8096445131376,NA
"351","Zürich - Am Wasser / Kempfhofweg",2814,"2019","10",12.6699899648771,NA
"352","Zürich - Am Wasser / Kempfhofweg",2814,"2019","11",6.54821598729487,NA
"353","Zürich - Am Wasser / Kempfhofweg",2814,"2019","12",4.45851842241827,NA
"354","Zürich - Am Wasser / Kempfhofweg",2814,"2020","01",3.53851097593229,NA
"355","Zürich - Am Wasser / Kempfhofweg",2814,"2020","02",7.32871554575524,NA
"356","Zürich - Am Wasser / Kempfhofweg",2814,"2020","03",5.3896807628524,NA
"357","Zürich - Am Wasser / Kempfhofweg",2814,"2020","04",14.5220423600605,NA
"358","Zürich - Am Wasser / Kempfhofweg",2814,"2020","05",15.3710298013245,NA
"359","Zürich - Am Wasser / Kempfhofweg",2814,"2020","06",18.1079017226772,NA
"360","Zürich - Am Wasser / Kempfhofweg",2814,"2020","07",21.1708406944867,NA
"361","Zürich - Am Wasser / Kempfhofweg",2814,"2020","08",21.9653368700265,NA
"362","Zürich - Blumenfeld",2651,"2019","05",11.655539292952,71.661603242513
"363","Zürich - Blumenfeld",2651,"2019","06",20.6905190875233,65.2669553072626
"364","Zürich - Blumenfeld",2651,"2019","07",21.8445920431558,61.7012519667341
"365","Zürich - Blumenfeld",2651,"2019","08",19.8827044025157,73.0935399820305
"366","Zürich - Blumenfeld",2651,"2019","09",15.7818399515005,74.658933010003
"367","Zürich - Blumenfeld",2651,"2019","10",11.8279206273764,88.3296078897338
"368","Zürich - Blumenfeld",2651,"2019","11",5.71346928746929,88.370085995086
"369","Zürich - Blumenfeld",2651,"2019","12",3.66669278252612,88.5515432098765
"370","Zürich - Blumenfeld",2651,"2020","01",2.53622201048118,87.1746522153406
"371","Zürich - Blumenfeld",2651,"2020","02",6.49752072343632,72.9136925395629
"372","Zürich - Blumenfeld",2651,"2020","03",6.29537775692163,70.7361473486626
"373","Zürich - Blumenfeld",2651,"2020","04",13.251259509721,52.2392561284869
"374","Zürich - Blumenfeld",2651,"2020","05",14.2902403407362,71.3335229692729
"375","Zürich - Blumenfeld",2651,"2020","06",17.3593845760981,72.9321041879469
"376","Zürich - Blumenfeld",2651,"2020","07",20.2536773657997,65.0025484228002
"377","Zürich - Blumenfeld",2651,"2020","08",20.8308367693427,69.758096046568
"378","Zürich - Bucheggplatz",2698,"2019","05",11.9398643180195,70.9078528921685
"379","Zürich - Bucheggplatz",2698,"2019","06",21.3860749564207,60.8946223126089
"380","Zürich - Bucheggplatz",2698,"2019","07",22.5122560262111,59.4443622747484
"381","Zürich - Bucheggplatz",2698,"2019","08",20.5201506505364,71.1247842958229
"382","Zürich - Bucheggplatz",2698,"2019","09",15.8235448514566,74.0419786558985
"383","Zürich - Bucheggplatz",2698,"2019","10",12.5683325559701,86.4037686567164
"384","Zürich - Bucheggplatz",2698,"2019","11",6.19062586541124,87.4803350872335
"385","Zürich - Bucheggplatz",2698,"2019","12",4.06078823820114,86.6917766246602
"386","Zürich - Bucheggplatz",2698,"2020","01",3.04972693726937,84.7036482164822
"387","Zürich - Bucheggplatz",2698,"2020","02",6.8641624092498,71.50098951331
"388","Zürich - Bucheggplatz",2698,"2020","03",6.85989050165521,68.9215711739241
"389","Zürich - Bucheggplatz",2698,"2020","04",14.2145289306271,49.3226264768252
"390","Zürich - Bucheggplatz",2698,"2020","05",14.8886026771139,69.6182925236696
"391","Zürich - Bucheggplatz",2698,"2020","06",17.8826799215906,71.5717110053206
"392","Zürich - Bucheggplatz",2698,"2020","07",21.056610118146,62.3597879430476
"393","Zürich - Bucheggplatz",2698,"2020","08",21.8016636005256,67.0564494086728
"394","Zürich - Eichbühl",2697,"2019","05",11.3199071925754,75.592652745553
"395","Zürich - Eichbühl",2697,"2019","06",20.2045404411765,68.4236519607843
"396","Zürich - Eichbühl",2697,"2019","07",21.2777042504454,67.190623568338
"397","Zürich - Eichbühl",2697,"2019","08",19.3368203699012,78.5603825690398
"398","Zürich - Eichbühl",2697,"2019","09",15.5105127041742,78.5946869328494
"399","Zürich - Eichbühl",2697,"2019","10",11.6852831576367,91.4766707526355
"400","Zürich - Eichbühl",2697,"2019","11",5.49987412961971,90.6763202999464
"401","Zürich - Eichbühl",2697,"2019","12",3.4513479145473,89.874501525941
"402","Zürich - Eichbühl",2697,"2020","01",2.19927291346646,87.6603968253968
"403","Zürich - Eichbühl",2697,"2020","02",6.17695232994108,74.2730610605249
"404","Zürich - Eichbühl",2697,"2020","03",6.2058002038736,71.0987308868501
"405","Zürich - Eichbühl",2697,"2020","04",13.0638208581272,54.2925430629502
"406","Zürich - Eichbühl",2697,"2020","05",13.9193654990086,74.1590680766689
"407","Zürich - Eichbühl",2697,"2020","06",16.8954493417287,76.3791127647396
"408","Zürich - Eichbühl",2697,"2020","07",19.6507853566959,69.3450438047559
"409","Zürich - Eichbühl",2697,"2020","08",20.4115905469995,73.4167286245353
"410","Zürich - Grünau",2657,"2019","05",12.2182715729464,70.6927442342576
"411","Zürich - Grünau",2657,"2019","06",21.2853612479475,64.5108264915161
"412","Zürich - Grünau",2657,"2019","07",22.4076642524573,60.9868210036213
"413","Zürich - Grünau",2657,"2019","08",20.4088602095579,71.9630922565806
"414","Zürich - Grünau",2657,"2019","09",17.1902176063304,75.1033184965381
"415","Zürich - Grünau",2657,"2019","10",12.657010230179,86.5788132992327
"416","Zürich - Grünau",2657,"2019","11",6.47466865025697,86.5016581011631
"417","Zürich - Grünau",2657,"2019","12",4.38823438704703,87.1183885890517
"418","Zürich - Grünau",2657,"2020","01",3.32100468505986,85.3601795939615
"419","Zürich - Grünau",2657,"2020","02",7.25473713962691,71.3184850197852
"420","Zürich - Grünau",2657,"2020","03",7.08968733297702,68.9332202030999
"421","Zürich - Grünau",2657,"2020","04",13.8683776932826,51.564030418251
"422","Zürich - Grünau",2657,"2020","05",14.8985103448276,70.2411344827586
"423","Zürich - Grünau",2657,"2020","06",17.9200268817204,72.0804390681004
"424","Zürich - Grünau",2657,"2020","07",20.7962532133676,64.2025482005141
"425","Zürich - Grünau",2657,"2020","08",21.3975868621064,67.7955157437568
"426","Zürich - Grünmatt",2624,"2019","05",14.0410257529463,NA
"427","Zürich - Grünmatt",2624,"2019","06",21.0390436639772,NA
"428","Zürich - Grünmatt",2624,"2019","07",22.3721758458879,NA
"429","Zürich - Grünmatt",2624,"2019","08",19.9436900114811,NA
"430","Zürich - Grünmatt",2624,"2019","09",15.8661206289603,NA
"431","Zürich - Grünmatt",2624,"2019","10",12.1250011609009,NA
"432","Zürich - Grünmatt",2624,"2019","11",7.39792307692308,NA
"433","Zürich - Hardplatz",2652,"2019","05",12.8598491670419,64.9325348941918
"434","Zürich - Hardplatz",2652,"2019","06",22.3268346870521,57.7342451027234
"435","Zürich - Hardplatz",2652,"2019","07",23.4154032070648,54.8709040204509
"436","Zürich - Hardplatz",2652,"2019","08",21.3521276595745,66.0449175233086
"437","Zürich - Hardplatz",2652,"2019","09",17.1784640278815,69.3811874533234
"438","Zürich - Hardplatz",2652,"2019","10",13.0046572890026,84.357652173913
"439","Zürich - Hardplatz",2652,"2019","11",6.73025727650728,83.8384121621622
"440","Zürich - Hardplatz",2652,"2019","12",4.56760080645161,84.9949873991935
"441","Zürich - Hardplatz",2652,"2020","01",3.3750563204005,83.3902603254068
"442","Zürich - Hardplatz",2652,"2020","02",7.36142585551331,68.879299293862
"443","Zürich - Hardplatz",2652,"2020","03",7.47501764112903,65.4135357862903
"444","Zürich - Hardplatz",2652,"2020","04",14.8668168077388,46.209392382104
"445","Zürich - Hardplatz",2652,"2020","05",15.6554046911133,64.5874595308887
"446","Zürich - Hardplatz",2652,"2020","06",18.6184409799555,66.9417344097996
"447","Zürich - Hardplatz",2652,"2020","07",21.7745921091664,58.5476564817562
"448","Zürich - Hardplatz",2652,"2020","08",22.3356311688312,63.3988831168831
"449","Zürich - Hungerbergstrasse",529,"2019","05",10.3128420256992,79.1514890400605
"450","Zürich - Hungerbergstrasse",529,"2019","06",18.3943433564636,75.8123335903367
"451","Zürich - Hungerbergstrasse",529,"2019","07",19.5808934953538,72.8262878246367
"452","Zürich - Hungerbergstrasse",529,"2019","08",17.9341382598331,82.8118808104887
"453","Zürich - Hungerbergstrasse",529,"2019","09",14.1473605947955,84.0053705080545
"454","Zürich - Hungerbergstrasse",529,"2019","10",10.8274828599412,91.1860455435847
"455","Zürich - Hungerbergstrasse",529,"2019","11",4.85944554455446,87.8342326732673
"456","Zürich - Hungerbergstrasse",529,"2019","12",2.88900377714825,86.6554296506138
"457","Zürich - Hungerbergstrasse",529,"2020","01",1.72680572109654,84.4476019070322
"458","Zürich - Hungerbergstrasse",529,"2020","02",5.373933804952,73.467233451238
"459","Zürich - Hungerbergstrasse",529,"2020","03",6.40878017789072,72.0970870393901
"460","Zürich - Hungerbergstrasse",529,"2020","06",15.6989233726998,76.4182340016479
"461","Zürich - Hungerbergstrasse",529,"2020","07",18.3518144085384,71.2585294989623
"462","Zürich - Hungerbergstrasse",529,"2020","08",18.9826233359436,75.5353563038371
"463","Zürich - Irchelpark",2626,"2019","05",11.1652816078523,NA
"464","Zürich - Irchelpark",2626,"2019","06",20.0732171194999,NA
"465","Zürich - Irchelpark",2626,"2019","07",21.277267482114,NA
"466","Zürich - Irchelpark",2626,"2019","08",19.3701060640996,NA
"467","Zürich - Irchelpark",2626,"2019","09",15.4164005736138,NA
"468","Zürich - Irchelpark",2626,"2019","10",11.7218065566147,NA
"469","Zürich - Irchelpark",2626,"2019","11",5.595581637976,NA
"470","Zürich - Irchelpark",2626,"2019","12",3.72988758553275,NA
"471","Zürich - Irchelpark",2626,"2020","01",2.7048862512364,NA
"472","Zürich - Irchelpark",2626,"2020","02",6.44870164281929,NA
"473","Zürich - Irchelpark",2626,"2020","03",7.136827563249,NA
"474","Zürich - Irchelpark",2626,"2020","04",13.5923928911457,NA
"475","Zürich - Irchelpark",2626,"2020","05",13.9909835536924,NA
"476","Zürich - Irchelpark",2626,"2020","06",16.511626707132,NA
"477","Zürich - Kaserne",534,"2019","05",12.8343086124402,70.0944354066986
"478","Zürich - Kaserne",534,"2019","06",22.2393436486149,62.4642176191665
"479","Zürich - Kaserne",534,"2019","07",23.3761426844015,58.9588270858525
"480","Zürich - Kaserne",534,"2019","08",21.4244190968956,69.1909054562559
"481","Zürich - Kaserne",534,"2019","09",17.2095065950171,72.0068392769907
"482","Zürich - Kaserne",534,"2019","10",13.2441405328932,81.7653595850035
"483","Zürich - Kaserne",534,"2019","11",6.99355761988451,79.4646321867939
"484","Zürich - Kaserne",534,"2019","12",4.93505464480874,79.0939592647789
"485","Zürich - Kaserne",534,"2020","01",3.90809747649678,77.1096808510638
"486","Zürich - Kaserne",534,"2020","02",7.59859506302521,64.3240703781513
"487","Zürich - Kaserne",534,"2020","03",7.32342913289118,63.5142004421518
"488","Zürich - Kaserne",534,"2020","04",15.0634438251687,45.9903461425638
"489","Zürich - Kaserne",534,"2020","05",15.7378229133608,61.2238146620121
"490","Zürich - Lindenhof",2659,"2019","05",12.1947330641543,68.0277815163751
"491","Zürich - Lindenhof",2659,"2019","06",21.6418126888218,60.6948152451778
"492","Zürich - Lindenhof",2659,"2019","07",22.9430280583614,57.6863973063973
"493","Zürich - Lindenhof",2659,"2019","08",20.8654099841879,68.8314343799413
"494","Zürich - Lindenhof",2659,"2019","09",17.4552349228611,69.5296318373072
"495","Zürich - Lindenhof",2659,"2019","10",13.0441398344066,81.0365869365225
"496","Zürich - Lindenhof",2659,"2019","11",6.67369814020029,81.3409370529328
"497","Zürich - Lindenhof",2659,"2019","12",4.67744418604651,81.2465488372093
"498","Zürich - Lindenhof",2659,"2020","01",3.44931156848829,80.3671871303525
"499","Zürich - Lindenhof",2659,"2020","02",7.37687046632124,66.413481865285
"500","Zürich - Lindenhof",2659,"2020","03",7.06288768849876,64.9640738239928
"501","Zürich - Lindenhof",2659,"2020","04",14.5052379679144,47.745577540107
"502","Zürich - Lindenhof",2659,"2020","05",15.0370295309786,65.0018181818182
"503","Zürich - Lindenhof",2659,"2020","06",17.9488363363363,66.9792592592593
"504","Zürich - Lindenhof",2659,"2020","07",21.2806824925816,58.9382033989749
"505","Zürich - Lindenhof",2659,"2020","08",21.9214388489209,62.9351450452541
"506","Zürich - Nordlicht",2688,"2019","05",13.3743168433451,67.051578327444
"507","Zürich - Nordlicht",2688,"2019","06",21.2786701060476,60.6347578102608
"508","Zürich - Nordlicht",2688,"2019","07",22.3889481302774,59.2917997587455
"509","Zürich - Nordlicht",2688,"2019","08",20.5612191684285,70.262398402631
"510","Zürich - Nordlicht",2688,"2019","09",18.3349718574109,71.2136585365854
"511","Zürich - Nordlicht",2688,"2019","10",12.7587600356824,85.9130285459411
"512","Zürich - Nordlicht",2688,"2019","11",6.69736388140162,83.8388544474394
"513","Zürich - Nordlicht",2688,"2019","12",4.55734645669291,84.729031496063
"514","Zürich - Nordlicht",2688,"2020","01",3.47934296977661,82.7638160315374
"515","Zürich - Nordlicht",2688,"2020","02",7.14929498025945,69.8220642978003
"516","Zürich - Nordlicht",2688,"2020","03",7.06889944576405,66.4920770651887
"517","Zürich - Nordlicht",2688,"2020","04",14.1029033260802,48.3803978862294
"518","Zürich - Nordlicht",2688,"2020","05",14.9601427622842,68.208462815405
"519","Zürich - Nordlicht",2688,"2020","06",17.9576519258203,70.7125392296719
"520","Zürich - Nordlicht",2688,"2020","07",20.9858751950078,62.244271450858
"521","Zürich - Nordlicht",2688,"2020","08",21.7731492897347,66.8190645939426
"522","Zürich - Nordlicht 2",2655,"2019","10",12.7047834456208,83.5577237728585
"523","Zürich - Nordlicht 2",2655,"2019","11",6.27491013071895,85.0330909586057
"524","Zürich - Nordlicht 2",2655,"2019","12",4.24056439942113,85.7276931982634
"525","Zürich - Nordlicht 2",2655,"2020","01",3.21754941713127,83.4607932083122
"526","Zürich - Nordlicht 2",2655,"2020","02",7.07775875902648,69.753369884996
"527","Zürich - Nordlicht 2",2655,"2020","03",7.09854790419162,66.5039520958084
"528","Zürich - Nordlicht 2",2655,"2020","04",14.4115515695067,47.4823019431988
"529","Zürich - Nordlicht 2",2655,"2020","05",15.0496649145861,67.2992017082786
"530","Zürich - Nordlicht 2",2655,"2020","06",17.9893657331137,69.7708951125755
"531","Zürich - Nordlicht 2",2655,"2020","07",21.0949405116002,61.1789678762641
"532","Zürich - Nordlicht 2",2655,"2020","08",21.698129330254,66.5171593533487
"533","Zürich - Nordlicht2",2655,"2019","05",12.1823810634328,68.3400303171642
"534","Zürich - Nordlicht2",2655,"2019","06",21.4211810449575,61.3465686512758
"535","Zürich - Nordlicht2",2655,"2019","07",22.5704215013024,58.2813260715131
"536","Zürich - Nordlicht2",2655,"2019","08",20.5939829907867,69.4939239310182
"537","Zürich - Nordlicht2",2655,"2019","09",18.1661371841155,71.0002888086643
"538","Zürich - Oerlikerpark",2696,"2019","05",11.8804824761038,72.025070550751
"539","Zürich - Oerlikerpark",2696,"2019","06",20.7816425648022,64.954619372442
"540","Zürich - Oerlikerpark",2696,"2019","07",21.9490270766407,63.4541027994493
"541","Zürich - Oerlikerpark",2696,"2019","08",19.9709181084198,75.4169019607843
"542","Zürich - Oerlikerpark",2696,"2019","09",17.3996441281139,77.7971886120996
"543","Zürich - Oerlikerpark",2696,"2019","10",12.2010465652374,88.3112678653758
"544","Zürich - Oerlikerpark",2696,"2019","11",5.96813930098064,87.1889489564999
"545","Zürich - Oerlikerpark",2696,"2019","12",3.8641844143272,85.369390125847
"546","Zürich - Oerlikerpark",2696,"2020","01",2.6780959198282,83.5975853018373
"547","Zürich - Oerlikerpark",2696,"2020","02",6.76395348837209,70.5126330749354
"548","Zürich - Oerlikerpark",2696,"2020","03",6.58145365853659,68.481056097561
"549","Zürich - Oerlikerpark",2696,"2020","04",13.6657686453577,51.2900578386606
"550","Zürich - Oerlikerpark",2696,"2020","05",14.3429981261711,71.9072579637726
"551","Zürich - Oerlikerpark",2696,"2020","06",17.4223147153598,74.1459076262084
"552","Zürich - Oerlikerpark",2696,"2020","07",20.3290869690841,66.5510054897428
"553","Zürich - Oerlikerpark",2696,"2020","08",21.0661466968098,71.4047575985933
"554","Zürich - offene Rennbahn",2683,"2019","05",12.0571473424535,69.5613343799058
"555","Zürich - offene Rennbahn",2683,"2019","06",21.062307483731,60.9182239696312
"556","Zürich - offene Rennbahn",2683,"2019","07",22.3781730553688,59.059184039453
"557","Zürich - offene Rennbahn",2683,"2019","08",20.2320661542045,70.8138178430002
"558","Zürich - offene Rennbahn",2683,"2019","09",16.2375541579315,72.7895853715351
"559","Zürich - offene Rennbahn",2683,"2019","10",12.4231176746367,83.6169503047351
"560","Zürich - offene Rennbahn",2683,"2019","11",5.20373885123082,82.3964252586514
"561","Zürich - offene Rennbahn",2683,"2019","12",3.93650960658737,82.4353934126258
"562","Zürich - offene Rennbahn",2683,"2020","01",2.8279859696764,79.5723308440824
"563","Zürich - offene Rennbahn",2683,"2020","02",6.73315177923021,66.6879738562092
"564","Zürich - offene Rennbahn",2683,"2020","03",6.66375936435868,64.7168467650397
"565","Zürich - offene Rennbahn",2683,"2020","04",13.7788056460369,49.8461699239957
"566","Zürich - offene Rennbahn",2683,"2020","05",14.7270754716981,65.2452564858491
"567","Zürich - offene Rennbahn",2683,"2020","06",17.6936767676768,67.2926590909091
"568","Zürich - offene Rennbahn",2683,"2020","07",20.7149958414195,60.3816772941503
"569","Zürich - offene Rennbahn",2683,"2020","08",21.3693512090017,64.1267344984439
"570","Zürich - Paradeplatz",2680,"2019","05",13.014337072922,64.9831769505354
"571","Zürich - Paradeplatz",2680,"2019","06",22.3865265941816,56.3310667058478
"572","Zürich - Paradeplatz",2680,"2019","07",23.5514775928297,54.9650371318822
"573","Zürich - Paradeplatz",2680,"2019","08",21.586012987013,65.4524961038961
"574","Zürich - Paradeplatz",2680,"2019","09",18.5602297702298,66.9327172827173
"575","Zürich - Paradeplatz",2680,"2019","10",13.4919777721647,79.6224374842132
"576","Zürich - Paradeplatz",2680,"2019","11",7.38225581395349,79.7541782945736
"577","Zürich - Paradeplatz",2680,"2019","12",5.3985064612326,80.4074925447316
"578","Zürich - Paradeplatz",2680,"2020","01",4.18399850523169,79.954389636273
"579","Zürich - Paradeplatz",2680,"2020","02",7.80350802139037,66.6844304812834
"580","Zürich - Paradeplatz",2680,"2020","03",7.72805970149254,64.5740146724007
"581","Zürich - Paradeplatz",2680,"2020","04",15.1556107784431,45.9185718562874
"582","Zürich - Paradeplatz",2680,"2020","05",15.8491333982473,63.6064135021097
"583","Zürich - Paradeplatz",2680,"2020","06",18.7135361000568,66.4611057418988
"584","Zürich - Paradeplatz",2680,"2020","07",21.7834274438373,58.8389829993928
"585","Zürich - Paradeplatz",2680,"2020","08",22.5584261437909,63.2775764705882
"586","Zürich - Perron HB",2689,"2019","05",16.3677622377622,61.3135219326128
"587","Zürich - Perron HB",2689,"2019","06",22.2432962079024,56.1476584460355
"588","Zürich - Perron HB",2689,"2019","07",23.2586707152497,55.7450832208727
"589","Zürich - Perron HB",2689,"2019","08",21.3212189512419,66.5346343146274
"590","Zürich - Perron HB",2689,"2019","09",17.9848677839851,69.2497355679702
"591","Zürich - Perron HB",2689,"2019","10",13.1318757165788,81.9906925017198
"592","Zürich - Perron HB",2689,"2019","11",6.83099878787879,82.9742666666667
"593","Zürich - Perron HB",2689,"2019","12",4.79252436415498,83.4817209412883
"594","Zürich - Perron HB",2689,"2020","01",3.65975167144222,81.6304799426934
"595","Zürich - Perron HB",2689,"2020","02",7.49681418154388,67.9830349509681
"596","Zürich - Perron HB",2689,"2020","03",7.46784388386483,65.4608591147073
"597","Zürich - Perron HB",2689,"2020","04",14.8539618406285,47.1846632996633
"598","Zürich - Perron HB",2689,"2020","05",15.6384495887907,64.7750624428876
"599","Zürich - Perron HB",2689,"2020","06",18.4896995035276,67.3604494382023
"600","Zürich - Perron HB",2689,"2020","07",21.6708912004498,59.3594011807703
"601","Zürich - Perron HB",2689,"2020","08",22.3235114690093,63.7906198145437
"602","Zürich - Schimmelstrasse",536,"2019","05",12.621140744061,68.9135948005379
"603","Zürich - Schimmelstrasse",536,"2019","06",21.9122085462146,61.4018323269856
"604","Zürich - Schimmelstrasse",536,"2019","07",22.9707916573223,57.9011325409285
"605","Zürich - Schimmelstrasse",536,"2019","08",20.9327293115048,68.5848957165284
"606","Zürich - Schimmelstrasse",536,"2019","09",16.8751039206424,71.1293150684932
"607","Zürich - Schimmelstrasse",536,"2019","10",13.0512019770838,82.2218175690856
"608","Zürich - Schimmelstrasse",536,"2019","11",6.97804957146166,82.3189923558026
"609","Zürich - Schimmelstrasse",536,"2019","12",4.99086040779745,82.6917275375308
"610","Zürich - Schimmelstrasse",536,"2020","01",3.86411474675034,81.5427633348274
"611","Zürich - Schimmelstrasse",536,"2020","02",7.54453346126169,68.5122451427201
"612","Zürich - Schimmelstrasse",536,"2020","03",7.28212058688675,67.3403484640073
"613","Zürich - Schimmelstrasse",536,"2020","04",14.6004273735461,48.4481877197728
"614","Zürich - Schimmelstrasse",536,"2020","05",15.4651495788556,65.8450943944235
"615","Zürich - Schimmelstrasse",536,"2020","06",18.3631377424167,68.6252088513178
"616","Zürich - Schimmelstrasse",536,"2020","07",21.4104265021459,60.891974248927
"617","Zürich - Schimmelstrasse",536,"2020","08",21.9878860465116,65.5226558139535
"618","Zürich - Schulhaus-Borrweg",2622,"2019","05",11.4432188065099,NA
"619","Zürich - Schulhaus-Borrweg",2622,"2019","06",20.341548265282,NA
"620","Zürich - Schulhaus-Borrweg",2622,"2019","07",21.3507444168735,NA
"621","Zürich - Schulhaus-Borrweg",2622,"2019","08",19.4170124013529,NA
"622","Zürich - Schulhaus-Borrweg",2622,"2019","09",15.5605903021785,NA
"623","Zürich - Schulhaus-Borrweg",2622,"2019","10",11.9508041799182,NA
"624","Zürich - Schulhaus-Borrweg",2622,"2019","11",7.27962762356127,NA
"625","Zürich - Schulhaus Im Gut",2813,"2019","05",13.5182410629548,NA
"626","Zürich - Schulhaus Im Gut",2813,"2019","06",21.1447740469578,NA
"627","Zürich - Schulhaus Im Gut",2813,"2019","07",22.1536503732242,NA
"628","Zürich - Schulhaus Im Gut",2813,"2019","08",20.1939920579304,NA
"629","Zürich - Schulhaus Im Gut",2813,"2019","09",16.2502834107012,NA
"630","Zürich - Schulhaus Im Gut",2813,"2019","10",12.4089071965108,NA
"631","Zürich - Schulhaus Im Gut",2813,"2019","11",6.2829506466086,NA
"632","Zürich - Schulhaus Im Gut",2813,"2019","12",4.40074516785351,NA
"633","Zürich - Schulhaus Im Gut",2813,"2020","01",3.21986213939239,NA
"634","Zürich - Schulhaus Im Gut",2813,"2020","02",7.10549959382616,NA
"635","Zürich - Schulhaus Im Gut",2813,"2020","03",5.1294395280236,NA
"636","Zürich - Schulhaus Im Gut",2813,"2020","04",14.1092588092345,NA
"637","Zürich - Schulhaus Im Gut",2813,"2020","05",14.8410385756677,NA
"638","Zürich - Schulhaus Im Gut",2813,"2020","06",17.799217765043,NA
"639","Zürich - Schulhaus Im Gut",2813,"2020","07",20.5555789795295,NA
"640","Zürich - Schulhaus Im Gut",2813,"2020","08",21.3458931419458,NA
"641","Zürich - Schulhaus Pfingstweid",2815,"2019","05",13.9135488261313,NA
"642","Zürich - Schulhaus Pfingstweid",2815,"2019","06",21.7537461851475,NA
"643","Zürich - Schulhaus Pfingstweid",2815,"2019","07",22.9275285076847,NA
"644","Zürich - Schulhaus Pfingstweid",2815,"2019","08",20.9601773226773,NA
"645","Zürich - Schulhaus Pfingstweid",2815,"2019","09",16.9645807926829,NA
"646","Zürich - Schulhaus Pfingstweid",2815,"2019","10",12.9087450592885,NA
"647","Zürich - Schulhaus Pfingstweid",2815,"2019","11",6.66950888192267,NA
"648","Zürich - Schulhaus Pfingstweid",2815,"2019","12",4.5793944059533,NA
"649","Zürich - Schulhaus Pfingstweid",2815,"2020","01",3.57416307926057,NA
"650","Zürich - Schulhaus Pfingstweid",2815,"2020","02",7.33114068441065,NA
"651","Zürich - Schulhaus Pfingstweid",2815,"2020","03",5.40028630705394,NA
"652","Zürich - Schulhaus Pfingstweid",2815,"2020","04",14.7026550030694,NA
"653","Zürich - Schulhaus Pfingstweid",2815,"2020","05",15.3059788540246,NA
"654","Zürich - Schulhaus Pfingstweid",2815,"2020","06",18.2342309859155,NA
"655","Zürich - Schulhaus Pfingstweid",2815,"2020","07",21.3599270738377,NA
"656","Zürich - Schulhaus Pfingstweid",2815,"2020","08",22.1106403674683,NA
"657","Zürich - ScienceCity",2690,"2019","05",11.2814181818182,73.0159454545455
"658","Zürich - ScienceCity",2690,"2019","06",20.5118040268456,63.5695785234899
"659","Zürich - ScienceCity",2690,"2019","07",21.6418963566418,61.8320389228332
"660","Zürich - ScienceCity",2690,"2019","08",19.8264919446335,73.0121465849784
"661","Zürich - ScienceCity",2690,"2019","09",15.5919276613235,74.2366584463625
"662","Zürich - ScienceCity",2690,"2019","10",11.9090483761072,87.6213536225301
"663","Zürich - ScienceCity",2690,"2019","11",5.55745069393718,88.3559946432919
"664","Zürich - ScienceCity",2690,"2019","12",3.60755393996248,87.3897396810507
"665","Zürich - ScienceCity",2690,"2020","01",2.54341031024026,85.6887707021227
"666","Zürich - ScienceCity",2690,"2020","02",6.29521186440678,72.4613908275174
"667","Zürich - ScienceCity",2690,"2020","03",6.13677297424994,69.8579683439641
"668","Zürich - ScienceCity",2690,"2020","04",13.5052165463631,50.0268906163243
"669","Zürich - ScienceCity",2690,"2020","05",14.0401488981537,71.1904854079809
"670","Zürich - ScienceCity",2690,"2020","06",16.9099181794937,74.1385783687037
"671","Zürich - ScienceCity",2690,"2020","07",20.1838549618321,64.3731570338059
"672","Zürich - ScienceCity",2690,"2020","08",20.8809516977523,69.468330942133
"673","Zürich - Sechseläutenplatz",2682,"2019","05",12.9894708520179,65.6211816143498
"674","Zürich - Sechseläutenplatz",2682,"2019","06",22.2698682510979,58.0401239989667
"675","Zürich - Sechseläutenplatz",2682,"2019","07",23.4289551569507,56.4229955156951
"676","Zürich - Sechseläutenplatz",2682,"2019","08",21.4275190668461,67.2385711081202
"677","Zürich - Sechseläutenplatz",2682,"2019","09",18.0859797083069,68.3316962587191
"678","Zürich - Sechseläutenplatz",2682,"2019","10",13.4767535971223,80.8844986510791
"679","Zürich - Sechseläutenplatz",2682,"2019","11",7.31586371217536,81.2698332142006
"680","Zürich - Sechseläutenplatz",2682,"2019","12",5.35310272045028,81.9243574108818
"681","Zürich - Sechseläutenplatz",2682,"2020","01",4.02243187066975,82.066311778291
"682","Zürich - Sechseläutenplatz",2682,"2020","02",7.82421157684631,67.7680988023952
"683","Zürich - Sechseläutenplatz",2682,"2020","03",7.54879378334493,66.924671769891
"684","Zürich - Sechseläutenplatz",2682,"2020","04",14.945774452757,48.9883097811028
"685","Zürich - Sechseläutenplatz",2682,"2020","05",15.7627177089421,65.2370397428404
"686","Zürich - Sechseläutenplatz",2682,"2020","06",18.6102629601803,67.7745830202855
"687","Zürich - Sechseläutenplatz",2682,"2020","07",21.6541855447681,60.1706607335491
"688","Zürich - Sechseläutenplatz",2682,"2020","08",22.4249765807963,64.5194285714286
"689","Zürich - Sihlfeld",537,"2019","05",11.8646115616008,73.0743238294533
"690","Zürich - Sihlfeld",537,"2019","06",20.87983495671,65.50295995671
"691","Zürich - Sihlfeld",537,"2019","07",21.8873209685729,62.1678438948995
"692","Zürich - Sihlfeld",537,"2019","08",19.4135518796992,73.006977443609
"693","Zürich - Sihlfeld",537,"2019","09",15.7253602962119,74.4126402734264
"694","Zürich - Sihlfeld",537,"2019","10",11.96141124871,85.6281398348813
"695","Zürich - Sihlfeld",537,"2019","11",5.83069859751257,87.9052553585605
"696","Zürich - Sihlfeld",537,"2019","12",3.72933995922528,89.0067813455658
"697","Zürich - Sihlfeld",537,"2020","01",2.5417780061665,87.6528622816033
"698","Zürich - Sihlfeld",537,"2020","02",6.58649199022536,74.8008525658431
"699","Zürich - Sihlfeld",537,"2020","03",6.56752312435766,72.3348124357657
"700","Zürich - Sihlfeld",537,"2020","04",13.4473934527486,55.1027764051884
"701","Zürich - Sihlfeld",537,"2020","05",14.4019481865285,72.7419861830743
"702","Zürich - Sihlfeld",537,"2020","06",17.5530424929178,74.0364022662889
"703","Zürich - Sihlfeld",537,"2020","07",20.1700918593602,68.5455178967374
"704","Zürich - Sihlfeld",537,"2020","08",20.9601348072257,71.9505607980588
"705","Zürich - Vulkanplatz",2695,"2019","05",12.4915601882986,68.6727908540686
"706","Zürich - Vulkanplatz",2695,"2019","06",22.0974685204617,60.8028357817419
"707","Zürich - Vulkanplatz",2695,"2019","07",23.0582959537572,58.7586959537572
"708","Zürich - Vulkanplatz",2695,"2019","08",21.1202352672453,69.7077866605756
"709","Zürich - Vulkanplatz",2695,"2019","09",16.8117130977131,71.0219708939709
"710","Zürich - Vulkanplatz",2695,"2019","10",12.7542886884108,84.2593106638908
"711","Zürich - Vulkanplatz",2695,"2019","11",6.3487170433145,83.4539006591337
"712","Zürich - Vulkanplatz",2695,"2019","12",4.21385496183206,83.6602896273013
"713","Zürich - Vulkanplatz",2695,"2020","01",2.99921815322399,82.1147809481016
"714","Zürich - Vulkanplatz",2695,"2020","02",7.04194782608696,69.716149068323
"715","Zürich - Vulkanplatz",2695,"2020","03",6.8913072519084,67.4768058206107
"716","Zürich - Vulkanplatz",2695,"2020","04",14.3657123287671,49.3183068493151
"717","Zürich - Vulkanplatz",2695,"2020","05",15.2254442793462,67.9408915304606
"718","Zürich - Vulkanplatz",2695,"2020","06",18.2836138613861,70.0233559145388
"719","Zürich - Vulkanplatz",2695,"2020","07",21.5239117901413,61.6412136062266
"720","Zürich - Vulkanplatz",2695,"2020","08",22.2967966784097,66.1731026673377
"721","Zürich - Werdinsel",535,"2019","05",11.3486153846154,77.9731230769231
"722","Zürich - Werdinsel",535,"2019","06",19.7879107667646,71.2358616083356
"723","Zürich - Werdinsel",535,"2019","07",21.0782657485335,64.8253073195613
"724","Zürich - Werdinsel",535,"2019","08",19.4659464426359,71.4889288527173
"725","Zürich - Werdinsel",535,"2019","09",15.6399312533051,72.4877234267583
"726","Zürich - Werdinsel",535,"2019","10",11.8304260204082,82.6337193877551
"727","Zürich - Werdinsel",535,"2019","11",6.27724183437809,78.7977235235896
"728","Zürich - Werdinsel",535,"2019","12",4.09445717131474,79.3647410358566
"729","Zürich - Werdinsel",535,"2020","01",3.01696227829128,77.8360679490382
"730","Zürich - Werdinsel",535,"2020","02",6.84609828943796,66.2909801792017
"731","Zürich - Werdinsel",535,"2020","03",6.56640676255362,65.0555664900328
"732","Zürich - Werdinsel",535,"2020","04",12.5931505295008,52.7756089258699
"733","Zürich - Werdinsel-neu",530,"2020","05",15.4549934924078,67.5914880694143
"734","Zürich - Werdinsel-neu",530,"2020","06",17.769052690583,73.4902830717489
"735","Zürich - Werdinsel-neu",530,"2020","07",20.6995325142343,66.8323014683848
"736","Zürich - Werdinsel-neu",530,"2020","08",21.5461684429426,71.9838081622043
"737","Zürich - Wiedikon (Bertastrasse)",2816,"2019","05",13.8526007711181,NA
"738","Zürich - Wiedikon (Bertastrasse)",2816,"2019","06",21.5337673056443,NA
"739","Zürich - Wiedikon (Bertastrasse)",2816,"2019","07",22.5257929155313,NA
"740","Zürich - Wiedikon (Bertastrasse)",2816,"2019","08",20.4986469072165,NA
"741","Zürich - Wiedikon (Bertastrasse)",2816,"2019","09",16.4656620762712,NA
"742","Zürich - Wiedikon (Bertastrasse)",2816,"2019","10",12.6323184357542,NA
"743","Zürich - Wiedikon (Bertastrasse)",2816,"2019","11",6.51664255091104,NA
"744","Zürich - Wiedikon (Bertastrasse)",2816,"2019","12",4.5282591925945,NA
"745","Zürich - Wiedikon (Bertastrasse)",2816,"2020","01",3.48019326194829,NA
"746","Zürich - Wiedikon (Bertastrasse)",2816,"2020","02",7.24320100642997,NA
"747","Zürich - Wiedikon (Bertastrasse)",2816,"2020","03",6.80450791096809,NA
"748","Zürich - Wiedikon (Bertastrasse)",2816,"2020","04",14.4445678627145,NA
"749","Zürich - Wiedikon (Bertastrasse)",2816,"2020","05",15.305162601626,NA
"750","Zürich - Wiedikon (Bertastrasse)",2816,"2020","06",18.2084981153958,NA
"751","Zürich - Wiedikon (Bertastrasse)",2816,"2020","07",20.8798572787821,NA
"752","Zürich - Wiedikon (Bertastrasse)",2816,"2020","08",21.7442601626016,NA
"753","Zürich - Witikon",2653,"2019","05",10.6166578121227,74.6859913064477
"754","Zürich - Witikon",2653,"2019","06",20.0872529694213,65.3923174121809
"755","Zürich - Witikon",2653,"2019","07",20.9477088249174,64.0284261444077
"756","Zürich - Witikon",2653,"2019","08",18.9843691644721,75.19845343548
"757","Zürich - Witikon",2653,"2019","09",14.9333870486422,78.0999612056103
"758","Zürich - Witikon",2653,"2019","10",11.2711310782241,90.6607241014799
"759","Zürich - Witikon",2653,"2019","11",5.104102873702,89.1713426708525
"760","Zürich - Witikon",2653,"2019","12",3.47411697247706,87.3447133027523
"761","Zürich - Witikon",2653,"2020","01",2.27868177613321,85.7994056429232
"762","Zürich - Witikon",2653,"2020","02",5.93618037812979,71.742874297394
"763","Zürich - Witikon",2653,"2020","03",5.47019277108434,71.7611710843373
"764","Zürich - Witikon",2653,"2020","04",12.8275553662692,51.668515048268
"765","Zürich - Witikon",2653,"2020","05",13.3222832645284,73.1833121625913
"766","Zürich - Witikon",2653,"2020","06",16.0944496609285,76.1726525821596
"767","Zürich - Witikon",2653,"2020","07",19.1185090909091,68.0960531468532
"768","Zürich - Witikon",2653,"2020","08",19.998062942181,70.5485215906319
"769","Zürich - Zürihorn",2679,"2019","05",11.9821034482759,71.406216091954
"770","Zürich - Zürihorn",2679,"2019","06",20.7220289480486,65.9231765314035
"771","Zürich - Zürihorn",2679,"2019","07",22.0172286995516,64.4623071748879
"772","Zürich - Zürihorn",2679,"2019","08",19.9858010306968,75.9965874971992
"773","Zürich - Zürihorn",2679,"2019","09",16.7370783322805,76.9549905243209
"774","Zürich - Zürihorn",2679,"2019","10",12.5249136190263,87.5732981826341
"775","Zürich - Zürihorn",2679,"2019","11",6.81639397450753,85.8769478563152
"776","Zürich - Zürihorn",2679,"2019","12",4.77391567616057,86.1488629737609
"777","Zürich - Zürihorn",2679,"2020","01",3.34600942126514,86.7154127411395
"778","Zürich - Zürihorn",2679,"2020","02",6.96646818727491,73.0087034813926
"779","Zürich - Zürihorn",2679,"2020","03",6.52090051650573,72.6889108466203
"780","Zürich - Zürihorn",2679,"2020","04",13.7088559093362,55.4781030760928
"781","Zürich - Zürihorn",2679,"2020","05",15.0032133450395,70.5653789874159
"782","Zürich - Zürihorn",2679,"2020","06",17.9650903614458,72.5111897590361
"783","Zürich - Zürihorn",2679,"2020","07",20.7788057281816,66.0291353688192
"784","Zürich - Zürihorn",2679,"2020","08",21.4833308931186,69.3762127867252
"785","Zürich Kaserne",534,"2020","06",18.6091151156536,63.413622915546
"786","Zürich Kaserne",534,"2020","07",21.7242241630277,56.0926113537118
"787","Zürich Kaserne",534,"2020","08",22.4430228514655,59.7803427719821
"788","Zürich Rosengartenstrasse",533,"2020","04",14.9927802406586,49.0825934135529
"789","Zürich Rosengartenstrasse",533,"2020","05",15.2922155287818,68.126703480589
"790","Zürich Rosengartenstrasse",533,"2020","06",18.1705287489165,70.767885004334
"791","Zürich Rosengartenstrasse",533,"2020","07",21.4439709136895,61.9814100537464
"792","Zürich Rosengartenstrasse",533,"2020","08",22.0483932461874,66.3309395424837
