"","site","sensor","year","month","monthly_mean_temp","monthly_mean_humid"
"1","Bülach - Feldermösli",531,"2019","05",11.3762553286964,74.8709872111286
"2","Bülach - Feldermösli",531,"2019","06",20.0662891622186,70.2545022046879
"3","Bülach - Feldermösli",531,"2019","07",21.3723733751681,65.1535992828328
"4","Bülach - Feldermösli",531,"2019","08",19.6335964125561,75.8715650224215
"5","Bülach - Feldermösli",531,"2019","09",14.9434799382716,80.5374537037037
"6","Bülach - Feldermösli",531,"2019","10",11.4566314454776,91.6930473372781
"7","Bülach - Feldermösli",531,"2019","11",5.70166276894294,89.8124555659495
"8","Bülach - Feldermösli",531,"2019","12",3.30783895388851,90.3601537049782
"9","Bülach - Feldermösli",531,"2020","01",2.51221536351166,87.7855189757659
"10","Bülach - Feldermösli",531,"2020","02",6.4268776060829,74.4763796909492
"11","Bülach - Feldermösli",531,"2020","03",6.17599588383261,71.9883283786874
"12","Bülach - Feldermösli",531,"2020","04",12.8646434494196,58.0169367448472
"13","Bülach - Feldermösli",531,"2020","05",14.2033664537497,70.4338135793707
"14","Bülach - Feldermösli",531,"2020","06",17.2251121718377,75.847630071599
"15","Bülach - Feldermösli",531,"2020","07",20.5105008115001,67.0664549037793
"16","Bülach - Feldermösli",531,"2020","08",20.321699331335,73.9563799861656
"17","Bülach - Süd",532,"2019","05",11.8054947273951,72.5024343728966
"18","Bülach - Süd",532,"2019","06",20.8715977705527,65.8842266604738
"19","Bülach - Süd",532,"2019","07",22.3110194624652,61.1445852641335
"20","Bülach - Süd",532,"2019","08",20.2583480625425,72.4394742805348
"21","Bülach - Süd",532,"2019","09",15.8877211328976,76.9886100217865
"22","Bülach - Süd",532,"2019","10",12.0172494956288,87.8051401031159
"23","Bülach - Süd",532,"2019","11",5.92646826319461,88.9509997674959
"24","Bülach - Süd",532,"2019","12",3.64672838112441,89.6827048995259
"25","Bülach - Süd",532,"2020","01",2.63297038724374,87.6976697038724
"26","Bülach - Süd",532,"2020","02",6.59916806924742,73.7156143303679
"27","Bülach - Süd",532,"2020","03",6.44203156708005,70.3622570462232
"28","Bülach - Süd",532,"2020","04",13.3473669335846,55.3782925105982
"29","Bülach - Süd",532,"2020","05",14.7937258467834,67.0713434871562
"30","Bülach - Süd",532,"2020","06",17.8810478685401,70.8416456299119
"31","Bülach - Süd",532,"2020","07",21.3720908059024,61.1056140749149
"32","Bülach - Süd",532,"2020","08",21.0634721593481,66.7857808963332
"33","Elsau - Halden",2805,"2019","06",21.31536720921,70.0606034140532
"34","Elsau - Halden",2805,"2019","07",20.696195998181,68.417562528422
"35","Elsau - Halden",2805,"2019","08",18.9675509741731,79.8065518803806
"36","Elsau - Halden",2805,"2019","09",14.8513323124043,81.6572833078101
"37","Elsau - Halden",2805,"2019","10",11.326288297338,92.1493370165746
"38","Elsau - Halden",2805,"2019","11",5.11346520828485,90.7276006516174
"39","Elsau - Halden",2805,"2019","12",3.00633544590312,89.2291421457673
"40","Elsau - Halden",2805,"2020","01",2.09883152173913,85.9942776268116
"41","Elsau - Halden",2805,"2020","02",6.15299060919817,73.2228244642427
"42","Elsau - Halden",2805,"2020","03",5.46980343425215,74.2212878445549
"43","Elsau - Halden",2805,"2020","04",11.9831474103586,62.0267307241622
"44","Elsau - Halden",2805,"2020","05",13.2540706361784,75.5301086710437
"45","Elsau - Halden",2805,"2020","06",16.3099439252336,79.5155607476636
"46","Elsau - Halden",2805,"2020","07",19.6024717322479,71.4365038444143
"47","Elsau - Halden",2805,"2020","08",19.6136126840317,76.1928108720272
"48","Lindau - Tagelswangen",2693,"2019","05",13.0560170212766,76.9279234042553
"49","Lindau - Tagelswangen",2693,"2019","06",19.7803572395129,68.9642814614344
"50","Lindau - Tagelswangen",2693,"2019","07",20.6102880658436,69.826739826246
"51","Lindau - Tagelswangen",2693,"2019","08",18.9548169206277,78.1813031612463
"52","Lindau - Tagelswangen",2693,"2019","09",15.3384513858337,81.4572371315442
"53","Lindau - Tagelswangen",2693,"2019","10",11.4271639748152,87.9332986586367
"54","Lindau - Tagelswangen",2693,"2019","11",5.19335457557991,88.8512184552638
"55","Lindau - Tagelswangen",2693,"2019","12",3.09247657938986,87.8075714628873
"56","Lindau - Tagelswangen",2693,"2020","01",1.97900261842418,85.8966246131873
"57","Lindau - Tagelswangen",2693,"2020","02",5.94532807731434,73.9351653102747
"58","Lindau - Tagelswangen",2693,"2020","03",5.48778939862135,73.6568671262182
"59","Lindau - Tagelswangen",2693,"2020","04",12.1871970624235,60.9960220318237
"60","Lindau - Tagelswangen",2693,"2020","05",13.5955185628743,73.3820119760479
"61","Lindau - Tagelswangen",2693,"2020","06",16.4145638245441,79.2668186298669
"62","Lindau - Tagelswangen",2693,"2020","07",19.6658331358142,72.1428679781939
"63","Lindau - Tagelswangen",2693,"2020","08",19.4769000956023,77.114973709369
"64","Oberembrach - Schüler",2694,"2019","05",10.5528420794507,81.2316503187837
"65","Oberembrach - Schüler",2694,"2019","06",18.7715816471929,75.7727472214306
"66","Oberembrach - Schüler",2694,"2019","07",20.036548197392,74.7251188954232
"67","Oberembrach - Schüler",2694,"2019","08",18.4297516276827,82.7940053050398
"68","Oberembrach - Schüler",2694,"2019","09",14.4012694877506,83.736411072224
"69","Oberembrach - Schüler",2694,"2019","10",10.9097098976109,93.8921444823663
"70","Oberembrach - Schüler",2694,"2019","11",5.0309062170706,92.4796285563751
"71","Oberembrach - Schüler",2694,"2019","12",2.63930191532258,91.9436340725807
"72","Oberembrach - Schüler",2694,"2020","01",1.40278814209047,90.1984615384615
"73","Oberembrach - Schüler",2694,"2020","02",5.40145979492715,77.7715110631408
"74","Oberembrach - Schüler",2694,"2020","03",5.0883973374296,75.7052713773681
"75","Oberembrach - Schüler",2694,"2020","04",11.1893843725335,66.5080242041568
"76","Oberembrach - Schüler",2694,"2020","05",12.8642637125101,76.4414482572278
"77","Oberembrach - Schüler",2694,"2020","06",15.9970411478073,79.7702192744992
"78","Oberembrach - Schüler",2694,"2020","07",18.9579748822606,73.7110675039247
"79","Oberembrach - Schüler",2694,"2020","08",18.9827358244055,78.2042539848445
"80","Opfikon - Glattpark",2681,"2019","05",11.9394697148244,70.7772118783879
"81","Opfikon - Glattpark",2681,"2019","06",21.0676078431373,62.862893557423
"82","Opfikon - Glattpark",2681,"2019","07",22.1705127031357,61.6087708857862
"83","Opfikon - Glattpark",2681,"2019","08",20.0587511520737,73.8165875576037
"84","Opfikon - Glattpark",2681,"2019","09",15.8883749702593,76.8065548417797
"85","Opfikon - Glattpark",2681,"2019","10",12.336243046641,84.7014462986735
"86","Opfikon - Glattpark",2681,"2019","11",5.47922127987664,85.4142598303778
"87","Opfikon - Glattpark",2681,"2019","12",3.8173522867738,88.7081112484549
"88","Opfikon - Glattpark",2681,"2020","01",2.70328461907044,87.23472688069
"89","Opfikon - Glattpark",2681,"2020","02",6.73890507152146,72.2169648894668
"90","Opfikon - Glattpark",2681,"2020","03",6.53915238318854,69.947255224231
"91","Opfikon - Glattpark",2681,"2020","04",13.3715414634146,55.5398268292683
"92","Opfikon - Glattpark",2681,"2020","05",14.8090293834297,67.2729889210019
"93","Opfikon - Glattpark",2681,"2020","06",17.7218885835623,73.0894978765926
"94","Opfikon - Glattpark",2681,"2020","07",21.3308850226929,64.2276752395361
"95","Opfikon - Glattpark",2681,"2020","08",20.9239795409182,70.6900149700599
"96","Regensdorf - Bahnhof- Nord",2685,"2019","05",14.2896662786185,67.4751416375631
"97","Regensdorf - Bahnhof- Nord",2685,"2019","06",21.2570164208183,61.6775424436404
"98","Regensdorf - Bahnhof- Nord",2685,"2019","07",22.4161878081578,59.4858538771851
"99","Regensdorf - Bahnhof- Nord",2685,"2019","08",20.3552005377549,71.5129800582568
"100","Regensdorf - Bahnhof- Nord",2685,"2019","09",17.6632235701906,73.6891681109185
"101","Regensdorf - Bahnhof-Nord",2685,"2019","10",12.1590522287258,86.8112336785232
"102","Regensdorf - Bahnhof-Nord",2685,"2019","11",5.86556820822682,87.8516453636997
"103","Regensdorf - Bahnhof-Nord",2685,"2019","12",3.69612410071942,88.1945256294964
"104","Regensdorf - Bahnhof-Nord",2685,"2020","01",2.52404135760845,86.6957383681726
"105","Regensdorf - Bahnhof-Nord",2685,"2020","02",6.59080633549316,71.9581809455244
"106","Regensdorf - Bahnhof-Nord",2685,"2020","03",6.32445466786355,70.0648990125673
"107","Regensdorf - Bahnhof-Nord",2685,"2020","04",13.3016778991401,55.3333650941204
"108","Regensdorf - Bahnhof-Nord",2685,"2020","05",14.8405278526505,66.7381311769991
"109","Regensdorf - Bahnhof-Nord",2685,"2020","06",17.7514748979102,72.2482632716791
"110","Regensdorf - Bahnstrasse",2624,"2020","03",4.86031914893617,NA
"111","Regensdorf - Bahnstrasse",2624,"2020","04",13.6368680931107,NA
"112","Regensdorf - Bahnstrasse",2624,"2020","05",15.0903734061931,NA
"113","Regensdorf - Bahnstrasse",2624,"2020","06",17.9614180871212,NA
"114","Regensdorf - Bahnstrasse",2624,"2020","07",21.603150434385,NA
"115","Regensdorf - Bahnstrasse",2624,"2020","08",21.2997450034459,NA
"116","Regensdorf - Dörndlerweg",2621,"2020","03",4.60427083333333,NA
"117","Regensdorf - Dörndlerweg",2621,"2020","04",13.2187323290846,NA
"118","Regensdorf - Dörndlerweg",2621,"2020","05",14.4095943523084,NA
"119","Regensdorf - Dörndlerweg",2621,"2020","06",17.155930044012,NA
"120","Regensdorf - Dörndlerweg",2621,"2020","07",20.8157171671896,NA
"121","Regensdorf - Dörndlerweg",2621,"2020","08",20.5157408652768,NA
"122","Regensdorf - Geerenwiesstrasse",2654,"2019","05",13.9506089992242,70.5832854926299
"123","Regensdorf - Geerenwiesstrasse",2654,"2019","06",20.7051090487239,67.0603712296984
"124","Regensdorf - Geerenwiesstrasse",2654,"2019","07",22.0908660533991,62.4652972851694
"125","Regensdorf - Geerenwiesstrasse",2654,"2019","08",20.161768661735,73.7535014570724
"126","Regensdorf - Geerenwiesstrasse",2654,"2019","09",16.8625035360679,76.7098444130127
"127","Regensdorf - Geerenwiesstrasse",2654,"2019","10",11.9822362204724,88.5463892013498
"128","Regensdorf - Geerenwiesstrasse",2654,"2019","11",5.57633739736253,89.9068599154018
"129","Regensdorf - Geerenwiesstrasse",2654,"2019","12",3.45317166704263,90.378466050079
"130","Regensdorf - Geerenwiesstrasse",2654,"2020","01",2.31103456065055,88.8967856336119
"131","Regensdorf - Geerenwiesstrasse",2654,"2020","02",6.40256799037304,73.8400746089049
"132","Regensdorf - Geerenwiesstrasse",2654,"2020","03",6.19834872719081,72.1737215589097
"133","Regensdorf - Geerenwiesstrasse",2654,"2020","04",13.0621034241789,58.2456766829723
"134","Regensdorf - Geerenwiesstrasse",2654,"2020","05",14.5703640449438,70.4187460674157
"135","Regensdorf - Geerenwiesstrasse",2654,"2020","06",17.5784943247626,75.1186842714848
"136","Regensdorf - Geerenwiesstrasse",2654,"2020","07",21.0666322406825,65.1884238886394
"137","Regensdorf - Geerenwiesstrasse",2654,"2020","08",20.8480121430178,71.849642455588
"138","Regensdorf - Obere-Griesstrasse",2622,"2020","03",4.24256544502618,NA
"139","Regensdorf - Obere-Griesstrasse",2622,"2020","04",12.3282619823174,NA
"140","Regensdorf - Obere-Griesstrasse",2622,"2020","05",13.8994902313047,NA
"141","Regensdorf - Obere-Griesstrasse",2622,"2020","06",16.8311196461825,NA
"142","Regensdorf - Obere-Griesstrasse",2622,"2020","07",20.0737930258718,NA
"143","Regensdorf - Obere-Griesstrasse",2622,"2020","08",19.9863689538808,NA
"144","Regensdorf - Ruggacher",2625,"2020","04",13.4556486766995,NA
"145","Regensdorf - Ruggacher",2625,"2020","05",14.2204111767378,NA
"146","Regensdorf - Ruggacher",2625,"2020","06",17.0696626054358,NA
"147","Regensdorf - Ruggacher",2625,"2020","07",20.452267087751,NA
"148","Regensdorf - Ruggacher",2625,"2020","08",20.059952563813,NA
"149","Regensdorf - Wisacher",2623,"2020","03",4.68521739130435,NA
"150","Regensdorf - Wisacher",2623,"2020","04",13.3716465116279,NA
"151","Regensdorf - Wisacher",2623,"2020","05",15.0012477477477,NA
"152","Regensdorf - Wisacher",2623,"2020","06",17.8205474189676,NA
"153","Regensdorf - Wisacher",2626,"2020","06",19.6181944444444,NA
"154","Regensdorf - Wisacher",2626,"2020","07",20.7930696629213,NA
"155","Regensdorf - Wisacher",2626,"2020","08",20.5359437570304,NA
"156","Schlieren - Badenerstrasse",2650,"2019","05",12.6760701438849,66.8810364208633
"157","Schlieren - Badenerstrasse",2650,"2019","06",21.7796299744007,60.6205818012567
"158","Schlieren - Badenerstrasse",2650,"2019","07",22.9778661275831,56.8235242587601
"159","Schlieren - Badenerstrasse",2650,"2019","08",20.8555381165919,68.2911704035874
"160","Schlieren - Badenerstrasse",2650,"2019","09",17.4220958605664,71.4655337690632
"161","Schlieren - Badenerstrasse",2650,"2019","10",12.9237087290819,83.4228109452736
"162","Schlieren - Badenerstrasse",2650,"2019","11",6.63524439197167,84.157494687131
"163","Schlieren - Badenerstrasse",2650,"2019","12",4.47194746376812,85.4178577898551
"164","Schlieren - Badenerstrasse",2650,"2020","01",3.44560447080292,83.5655474452555
"165","Schlieren - Badenerstrasse",2650,"2020","02",7.4182653323069,69.4564305876315
"166","Schlieren - Badenerstrasse",2650,"2020","03",7.36772315969675,66.7730545365615
"167","Schlieren - Badenerstrasse",2650,"2020","04",14.5255369211514,51.6569837296621
"168","Schlieren - Badenerstrasse",2650,"2020","05",15.7586855360998,63.0602254737347
"169","Schlieren - Badenerstrasse",2650,"2020","06",18.4230500872165,68.8914826812858
"170","Schlieren - Badenerstrasse",2650,"2020","07",21.9411070824269,59.6967657722988
"171","Schlieren - Badenerstrasse",2650,"2020","08",21.5786201103912,66.5865370770338
"172","Schlieren - Brachweg",2658,"2019","05",11.8339352306183,72.6076373895976
"173","Schlieren - Brachweg",2658,"2019","06",20.4792573221757,67.8931276150628
"174","Schlieren - Brachweg",2658,"2019","07",21.7051979190228,64.1906604840534
"175","Schlieren - Brachweg",2658,"2019","08",19.8539869721474,75.3448113207547
"176","Schlieren - Brachweg",2658,"2019","09",16.4776470588235,78.4722916666667
"177","Schlieren - Brachweg",2658,"2019","10",12.189090088056,88.8377082862949
"178","Schlieren - Brachweg",2658,"2019","11",6.15167445119103,88.910723960766
"179","Schlieren - Brachweg",2658,"2019","12",3.98707918552036,89.5459592760181
"180","Schlieren - Brachweg",2658,"2020","01",2.79441103323536,88.2673276056975
"181","Schlieren - Brachweg",2658,"2020","02",6.80529753265602,73.7956724721819
"182","Schlieren - Brachweg",2658,"2020","03",6.51698423423423,71.8407545045045
"183","Schlieren - Brachweg",2658,"2020","04",13.1845283018868,58.4095597484277
"184","Schlieren - Brachweg",2658,"2020","05",14.6355424688562,70.0313997734994
"185","Schlieren - Brachweg",2658,"2020","06",17.5715368371656,74.9308352885969
"186","Schlieren - Brachweg",2658,"2020","07",20.8735490463215,66.6186603088102
"187","Schlieren - Brachweg",2658,"2020","08",20.6255641931684,73.225554770318
"188","Thalwil - Gotthardstrasse",2623,"2019","05",15.6951372997712,NA
"189","Thalwil - Gotthardstrasse",2623,"2019","06",21.564535962877,NA
"190","Thalwil - Gotthardstrasse",2623,"2019","07",23.2435016748261,NA
"191","Thalwil - Gotthardstrasse",2623,"2019","08",20.486308830121,NA
"192","Thalwil - Gotthardstrasse",2623,"2019","09",16.4564913093859,NA
"193","Thalwil - Gotthardstrasse",2623,"2019","10",12.706658438061,NA
"194","Thalwil - Gotthardstrasse",2623,"2019","11",7.84757225433526,NA
"195","Thalwil - Kirchbodenstrasse",2621,"2019","05",15.5004710144928,NA
"196","Thalwil - Kirchbodenstrasse",2621,"2019","06",6.23192914403931,NA
"197","Thalwil - Kirchbodenstrasse",2625,"2019","06",26.1733253588517,NA
"198","Thalwil - Kirchbodenstrasse",2625,"2019","07",21.2800337609723,NA
"199","Thalwil - Kirchbodenstrasse",2625,"2019","08",19.3274113952445,NA
"200","Thalwil - Kirchbodenstrasse",2625,"2019","09",15.5212384044527,NA
"201","Thalwil - Kirchbodenstrasse",2625,"2019","10",11.9951113636364,NA
"202","Thalwil - Kirchbodenstrasse",2625,"2019","11",7.24856375838926,NA
"203","Uster - Ackerstrasse",2808,"2019","06",22.7080470588235,63.5568039215686
"204","Uster - Ackerstrasse",2808,"2019","07",21.8635549525102,63.6528312980552
"205","Uster - Ackerstrasse",2808,"2019","08",20.0752540076767,73.8416053285166
"206","Uster - Ackerstrasse",2808,"2019","09",16.3514453635176,78.7760644318677
"207","Uster - Ackerstrasse",2808,"2019","10",12.3496970414201,84.1869443786982
"208","Uster - Ackerstrasse",2808,"2019","11",5.83022798932816,85.7727940819791
"209","Uster - Ackerstrasse",2808,"2019","12",3.58786908405934,83.1033765010596
"210","Uster - Ackerstrasse",2808,"2020","01",2.35633723653396,81.4035011709602
"211","Uster - Ackerstrasse",2808,"2020","02",6.62632416056551,68.9864200959354
"212","Uster - Ackerstrasse",2808,"2020","03",6.24177400047881,69.0612473066794
"213","Uster - Ackerstrasse",2808,"2020","04",13.1948883435583,56.9690527607362
"214","Uster - Ackerstrasse",2808,"2020","05",14.511795540797,67.4464397533207
"215","Uster - Ackerstrasse",2808,"2020","06",17.4819309301739,72.1682228384169
"216","Uster - Ackerstrasse",2808,"2020","07",21.0990424271154,65.3722754207158
"217","Uster - Ackerstrasse",2808,"2020","08",20.8956522776055,69.1231051752922
"218","Uster - Im-Lot",2811,"2019","06",22.8202066969822,64.4879164944192
"219","Uster - Im-Lot",2811,"2019","07",21.847794384058,64.8363383152174
"220","Uster - Im-Lot",2811,"2019","08",20.0372247394653,75.2911259628455
"221","Uster - Im-Lot",2811,"2019","09",16.2304224738676,80.8270513937282
"222","Uster - Schulhaus-Dorf",2687,"2019","05",16.9671770334928,57.9916746411483
"223","Uster - Schulhaus-Dorf",2687,"2019","06",21.3297831325301,60.7708005354752
"224","Uster - Schulhaus-Dorf",2687,"2019","07",21.9594188916311,63.4521741081445
"225","Uster - Schulhaus-Dorf",2687,"2019","08",19.898029656257,75.2769827005167
"226","Uster - Schulhaus-Dorf",2687,"2019","09",16.0889009556907,80.8077758470895
"227","Uster - Schulhaus-Dorf",2687,"2019","10",12.1503237240076,87.0128449905482
"228","Uster - Schulhaus-Dorf",2687,"2019","11",5.90482527525132,90.4468022977501
"229","Uster - Schulhaus-Dorf",2687,"2019","12",3.76411057136248,88.7699097848716
"230","Uster - Schulhaus-Dorf",2687,"2020","01",2.40916009280742,87.8391392111369
"231","Uster - Schulhaus-Dorf",2687,"2020","02",6.60524566120753,72.1980102664385
"232","Uster - Schulhaus-Dorf",2687,"2020","03",6.43845691845692,71.5433471933472
"233","Uster - Schulhaus-Dorf",2687,"2020","04",13.4563265306122,57.0508709065021
"234","Uster - Schulhaus-Dorf",2687,"2020","05",14.7915131578947,68.5405195099818
"235","Uster - Schulhaus-Dorf",2687,"2020","06",17.4501430581614,75.1012875234522
"236","Uster - Schulhaus-Dorf",2687,"2020","07",20.6991426627353,68.6980381038784
"237","Uster - Schulhaus-Dorf",2687,"2020","08",20.5035251798561,71.9931103117506
"238","Uster - Schulhaus-Pünt",2812,"2019","05",16.6765011820331,58.9372104018912
"239","Uster - Schulhaus-Pünt",2812,"2019","06",21.4086118848654,63.3061049210771
"240","Uster - Schulhaus-Pünt",2812,"2019","07",22.1702107623318,63.5154013452915
"241","Uster - Schulhaus-Pünt",2812,"2019","08",20.1815367383513,74.5999955197133
"242","Uster - Schulhaus-Pünt",2812,"2019","09",16.3380497131931,80.4742017208413
"243","Uster - Schulhaus-Pünt",2812,"2019","10",12.4006190365371,85.1699511286944
"244","Uster - Schulhaus-Pünt",2812,"2019","11",5.9661197493618,86.8081480621954
"245","Uster - Schulhaus-Pünt",2812,"2019","12",3.76031888614417,84.0515764653043
"246","Uster - Schulhaus-Pünt",2812,"2020","01",2.55952658739062,82.5183576396679
"247","Uster - Schulhaus-Pünt",2812,"2020","02",6.88592272618191,68.7851379889609
"248","Uster - Schulhaus-Pünt",2812,"2020","03",6.48945479021764,68.702613865829
"249","Uster - Schulhaus-Pünt",2812,"2020","04",13.5200974477958,56.3327030162413
"250","Uster - Schulhaus-Pünt",2812,"2020","05",14.8640439856373,66.8860166068223
"251","Uster - Schulhaus-Pünt",2812,"2020","06",17.5975737172046,72.6474436963083
"252","Uster - Schulhaus-Pünt",2812,"2020","07",20.973366651522,66.7645093139482
"253","Uster - Schulhaus-Pünt",2812,"2020","08",20.9274742509363,70.4821512172285
"254","Uster - Sunneloobach",2806,"2019","10",11.640462253194,88.736868757259
"255","Uster - Sunneloobach",2806,"2019","11",5.27151262450776,90.9775028955293
"256","Uster - Sunneloobach",2806,"2019","12",3.08326379542396,88.2563481381786
"257","Uster - Sunneloobach",2806,"2020","01",1.8248552838232,86.2894906888041
"258","Uster - Sunneloobach",2806,"2020","02",6.18306181121227,72.064846669861
"259","Uster - Sunneloobach",2806,"2020","03",5.83212298025135,73.0325471274686
"260","Uster - Sunneloobach",2806,"2020","04",12.6729276773296,61.4416226240148
"261","Uster - Sunneloobach",2806,"2020","05",14.1359914759982,72.1178488111261
"262","Uster - Sunneloobach",2806,"2020","06",16.8661165273909,77.2134517177344
"263","Uster - Sunneloobach",2806,"2020","07",19.9091975587703,72.8048485533454
"264","Uster - Sunneloobach",2806,"2020","08",19.728117276472,76.1688345044827
"265","Uster - Sunnenloobach",2806,"2019","05",15.8399036144578,65.4973975903614
"266","Uster - Sunnenloobach",2806,"2019","06",19.9946366380311,71.5297980032505
"267","Uster - Sunnenloobach",2806,"2019","07",20.8482227700583,71.1976467951591
"268","Uster - Sunnenloobach",2806,"2019","08",19.0195161290323,81.3484206989247
"269","Uster - Sunnenloobach",2806,"2019","09",15.3135980902778,85.3790104166667
"270","Winterthur - Bahnhof",2810,"2019","07",24.3060461861442,59.7658012596221
"271","Winterthur - Bahnhof",2810,"2019","08",20.6185589421784,69.8327835051546
"272","Winterthur - Bahnhof",2810,"2019","09",18.0766512702079,73.0164896073903
"273","Winterthur - Bahnhof",2810,"2019","10",12.7573408892764,84.2618918918919
"274","Winterthur - Bahnhof",2810,"2019","11",6.23558387395737,84.8785171455051
"275","Winterthur - Bahnhof",2810,"2019","12",3.79868698185077,86.6794017477033
"276","Winterthur - Bahnhof",2810,"2020","01",2.96744227751625,82.1199215422551
"277","Winterthur - Bahnhof",2810,"2020","02",6.86178768272226,69.2747615624251
"278","Winterthur - Bahnhof",2810,"2020","03",6.83725072820972,66.3158055119874
"279","Winterthur - Bahnhof",2810,"2020","04",13.7812995135511,52.4880287236507
"280","Winterthur - Bahnhof",2810,"2020","05",15.1247680932108,63.9028590634103
"281","Winterthur - Bahnhof",2810,"2020","06",17.8242051664183,70.3196423248882
"282","Winterthur - Marktgasse",2692,"2019","05",16.2175687103594,62.1541578576462
"283","Winterthur - Marktgasse",2692,"2019","06",21.3956836535784,58.8991729323308
"284","Winterthur - Marktgasse",2692,"2019","07",23.6818728222997,56.1116114982578
"285","Winterthur - Neumarkt",2686,"2019","05",16.0247966339411,63.7777419354839
"286","Winterthur - Neumarkt",2686,"2019","06",21.2574504405286,59.8892676211454
"287","Winterthur - Neumarkt",2686,"2019","07",24.0666782810685,58.428768873403
"288","Winterthur - Neumarkt",2686,"2019","08",20.5176403233049,70.2842792995061
"289","Winterthur - Neumarkt",2686,"2019","09",15.7408030888031,75.5248571428571
"290","Winterthur - Neumarkt",2686,"2019","10",12.5612685914261,85.5350787401575
"291","Winterthur - Neumarkt",2686,"2019","11",6.42748474894416,85.1255302674801
"292","Winterthur - Neumarkt",2686,"2019","12",4.2534325983178,86.0929688565583
"293","Winterthur - Neumarkt",2686,"2020","01",3.20523460746166,83.2372442206455
"294","Winterthur - Neumarkt",2686,"2020","02",6.97572592592593,70.5846592592593
"295","Winterthur - Neumarkt",2686,"2020","03",6.88325511847251,67.7253002070393
"296","Winterthur - Neumarkt",2686,"2020","04",13.778704405495,52.861056371388
"297","Winterthur - Neumarkt",2686,"2020","05",15.3179152269062,64.0472218382861
"298","Winterthur - Neumarkt",2686,"2020","06",18.0918488824101,70.1556486880467
"299","Winterthur - Neumarkt",2686,"2020","07",21.617836270872,61.5995153061224
"300","Winterthur - Neumarkt",2686,"2020","08",21.2354116819141,68.2079849870983
"301","Winterthur - Oberer-Graben",2691,"2019","05",15.7873371104816,64.3431161473088
"302","Winterthur - Oberer-Graben",2691,"2019","06",20.8284288097887,61.2679532814238
"303","Winterthur - Oberer-Graben",2691,"2019","07",22.7640052128584,59.1100434404865
"304","Winterthur - Turnerstrasse",2684,"2019","05",15.6159985475672,64.5796949891068
"305","Winterthur - Turnerstrasse",2684,"2019","06",21.1263050660793,59.9716960352423
"306","Winterthur - Turnerstrasse",2684,"2019","07",23.2853385416667,57.3725
"307","Winterthur - Turnerstrasse",2684,"2019","08",20.4306644790812,70.6984249384742
"308","Winterthur - Turnerstrasse",2684,"2019","09",15.4647417116423,75.7463454124904
"309","Winterthur - Turnerstrasse",2684,"2019","10",12.1860558464223,86.5376614310646
"310","Winterthur - Turnerstrasse",2684,"2019","11",6.07302945952215,86.0056529807469
"311","Winterthur - Turnerstrasse",2684,"2019","12",3.77497866606782,87.6033146193577
"312","Winterthur - Turnerstrasse",2684,"2020","01",2.90739824600855,83.9692219473803
"313","Winterthur - Turnerstrasse",2684,"2020","02",6.71521833013436,70.751552303263
"314","Winterthur - Turnerstrasse",2684,"2020","03",6.4866711529834,68.2615186182145
"315","Winterthur - Turnerstrasse",2684,"2020","04",13.4899003014143,52.626322745189
"316","Winterthur - Turnerstrasse",2684,"2020","05",14.8578174870757,64.2283389525736
"317","Winterthur - Turnerstrasse",2684,"2020","06",17.7808173750584,70.0929448855675
"318","Winterthur - Turnerstrasse",2684,"2020","07",21.4383318365514,61.0862370902559
"319","Winterthur - Turnerstrasse",2684,"2020","08",21.0636291957648,67.9333588646091
"320","Winterthur  - Schulhaus-Altstadt",2691,"2019","08",20.110602310231,73.4509364686469
"321","Winterthur  - Schulhaus-Altstadt",2691,"2019","09",15.9727199799448,75.2924241664578
"322","Winterthur  - Schulhaus-Altstadt",2691,"2019","10",12.3142850532161,84.9408838500694
"323","Winterthur  - Schulhaus-Altstadt",2691,"2020","04",13.7814816650149,52.4708002973241
"324","Winterthur  - Schulhaus-Altstadt",2691,"2020","05",14.6241666666667,66.2809293071161
"325","Winterthur  - Schulhaus-Altstadt",2691,"2020","06",17.3957692307692,72.9290238558909
"326","Winterthur  - Schulhaus-Altstadt",2691,"2020","07",20.8930201995619,63.9409613044536
"327","Winterthur  - Schulhaus-Altstadt",2691,"2020","08",20.7875680795643,70.4245867866446
"328","Zürich - Altuetliberg",2656,"2019","05",8.96391928251121,79.0327825112108
"329","Zürich - Altuetliberg",2656,"2019","06",18.392400185701,70.0251137418756
"330","Zürich - Altuetliberg",2656,"2019","07",19.3199484536082,68.3080658897355
"331","Zürich - Altuetliberg",2656,"2019","08",17.7873598888374,77.5801227420102
"332","Zürich - Altuetliberg",2656,"2019","09",13.9751232241229,79.5274427370252
"333","Zürich - Altuetliberg",2656,"2019","10",10.3794197952218,90.3442298065984
"334","Zürich - Altuetliberg",2656,"2019","11",3.6090044139284,95.1123712604218
"335","Zürich - Altuetliberg",2656,"2019","12",2.02179650613787,92.0728682719547
"336","Zürich - Altuetliberg",2656,"2020","01",0.902913023469857,89.4657409111827
"337","Zürich - Altuetliberg",2656,"2020","02",3.8193510172547,81.1793535925831
"338","Zürich - Altuetliberg",2656,"2020","03",4.10251048088779,76.3111738594328
"339","Zürich - Altuetliberg",2656,"2020","04",11.9613528806584,55.3987680041152
"340","Zürich - Altuetliberg",2656,"2020","05",11.9702097378277,72.9254581772784
"341","Zürich - Altuetliberg",2656,"2020","06",14.3922844060036,79.6186186720936
"342","Zürich - Altuetliberg",2656,"2020","07",18.304392991239,69.9070387984981
"343","Zürich - Altuetliberg",2656,"2020","08",18.4032323733863,72.4261072492552
"344","Zürich - Am Wasser-Kempfhofweg",2814,"2019","05",13.6819134318104,NA
"345","Zürich - Am Wasser-Kempfhofweg",2814,"2019","06",21.488789459953,NA
"346","Zürich - Am Wasser-Kempfhofweg",2814,"2019","07",22.6903269278762,NA
"347","Zürich - Am Wasser-Kempfhofweg",2814,"2019","08",20.7555348380765,NA
"348","Zürich - Am Wasser-Kempfhofweg",2814,"2019","09",16.8096445131376,NA
"349","Zürich - Am Wasser-Kempfhofweg",2814,"2019","10",12.6699899648771,NA
"350","Zürich - Am Wasser-Kempfhofweg",2814,"2019","11",6.54821598729487,NA
"351","Zürich - Am Wasser-Kempfhofweg",2814,"2019","12",4.45851842241827,NA
"352","Zürich - Am Wasser-Kempfhofweg",2814,"2020","01",3.53851097593229,NA
"353","Zürich - Am Wasser-Kempfhofweg",2814,"2020","02",7.32871554575524,NA
"354","Zürich - Am Wasser-Kempfhofweg",2814,"2020","03",5.3896807628524,NA
"355","Zürich - Am Wasser-Kempfhofweg",2814,"2020","04",14.3885391487126,NA
"356","Zürich - Am Wasser-Kempfhofweg",2814,"2020","05",15.638609406953,NA
"357","Zürich - Am Wasser-Kempfhofweg",2814,"2020","06",18.2208267300581,NA
"358","Zürich - Am Wasser-Kempfhofweg",2814,"2020","07",21.9830432569975,NA
"359","Zürich - Am Wasser-Kempfhofweg",2814,"2020","08",21.7356152067814,NA
"360","Zürich - Blumenfeld",2651,"2019","05",11.655539292952,71.661603242513
"361","Zürich - Blumenfeld",2651,"2019","06",20.6905190875233,65.2669553072626
"362","Zürich - Blumenfeld",2651,"2019","07",21.8445920431558,61.7012519667341
"363","Zürich - Blumenfeld",2651,"2019","08",19.8827044025157,73.0935399820305
"364","Zürich - Blumenfeld",2651,"2019","09",15.7818399515005,74.658933010003
"365","Zürich - Blumenfeld",2651,"2019","10",11.8279206273764,88.3296078897338
"366","Zürich - Blumenfeld",2651,"2019","11",5.71346928746929,88.370085995086
"367","Zürich - Blumenfeld",2651,"2019","12",3.66669278252612,88.5515432098765
"368","Zürich - Blumenfeld",2651,"2020","01",2.53622201048118,87.1746522153406
"369","Zürich - Blumenfeld",2651,"2020","02",6.49752072343632,72.9136925395629
"370","Zürich - Blumenfeld",2651,"2020","03",6.29537775692163,70.7361473486626
"371","Zürich - Blumenfeld",2651,"2020","04",13.223112033195,55.6698511105687
"372","Zürich - Blumenfeld",2651,"2020","05",14.5535454332003,67.9422517022775
"373","Zürich - Blumenfeld",2651,"2020","06",17.4695471877979,72.8953026692088
"374","Zürich - Blumenfeld",2651,"2020","07",20.9939401669759,63.7850579777365
"375","Zürich - Blumenfeld",2651,"2020","08",20.6121529080675,70.117089587242
"376","Zürich - Bucheggplatz",2698,"2019","05",11.9398643180195,70.9078528921685
"377","Zürich - Bucheggplatz",2698,"2019","06",21.3860749564207,60.8946223126089
"378","Zürich - Bucheggplatz",2698,"2019","07",22.5122560262111,59.4443622747484
"379","Zürich - Bucheggplatz",2698,"2019","08",20.5201506505364,71.1247842958229
"380","Zürich - Bucheggplatz",2698,"2019","09",15.8235448514566,74.0419786558985
"381","Zürich - Bucheggplatz",2698,"2019","10",12.5683325559701,86.4037686567164
"382","Zürich - Bucheggplatz",2698,"2019","11",6.19062586541124,87.4803350872335
"383","Zürich - Bucheggplatz",2698,"2019","12",4.06078823820114,86.6917766246602
"384","Zürich - Bucheggplatz",2698,"2020","01",3.04972693726937,84.7036482164822
"385","Zürich - Bucheggplatz",2698,"2020","02",6.8641624092498,71.50098951331
"386","Zürich - Bucheggplatz",2698,"2020","03",6.85989050165521,68.9215711739241
"387","Zürich - Bucheggplatz",2698,"2020","04",14.1064074365017,53.1227284629484
"388","Zürich - Bucheggplatz",2698,"2020","05",15.1865914850481,66.1019716168272
"389","Zürich - Bucheggplatz",2698,"2020","06",18.0068719019045,71.4833915992695
"390","Zürich - Bucheggplatz",2698,"2020","07",21.8358407304083,61.0876287091047
"391","Zürich - Bucheggplatz",2698,"2020","08",21.5718355397149,67.4963034623218
"392","Zürich - Eichbühl",2697,"2019","05",11.3199071925754,75.592652745553
"393","Zürich - Eichbühl",2697,"2019","06",20.2045404411765,68.4236519607843
"394","Zürich - Eichbühl",2697,"2019","07",21.2777042504454,67.190623568338
"395","Zürich - Eichbühl",2697,"2019","08",19.3368203699012,78.5603825690398
"396","Zürich - Eichbühl",2697,"2019","09",15.5105127041742,78.5946869328494
"397","Zürich - Eichbühl",2697,"2019","10",11.6852831576367,91.4766707526355
"398","Zürich - Eichbühl",2697,"2019","11",5.49987412961971,90.6763202999464
"399","Zürich - Eichbühl",2697,"2019","12",3.4513479145473,89.874501525941
"400","Zürich - Eichbühl",2697,"2020","01",2.19927291346646,87.6603968253968
"401","Zürich - Eichbühl",2697,"2020","02",6.17695232994108,74.2730610605249
"402","Zürich - Eichbühl",2697,"2020","03",6.2058002038736,71.0987308868501
"403","Zürich - Eichbühl",2697,"2020","04",12.9902765726681,57.9310873101952
"404","Zürich - Eichbühl",2697,"2020","05",14.2628786717752,70.5655938697318
"405","Zürich - Eichbühl",2697,"2020","06",17.0236172478041,76.3555310087836
"406","Zürich - Eichbühl",2697,"2020","07",20.3794473684211,68.2548210526316
"407","Zürich - Eichbühl",2697,"2020","08",20.1872984078069,73.8611119671289
"408","Zürich - Grünau",2657,"2019","05",12.2182715729464,70.6927442342576
"409","Zürich - Grünau",2657,"2019","06",21.2853612479475,64.5108264915161
"410","Zürich - Grünau",2657,"2019","07",22.4076642524573,60.9868210036213
"411","Zürich - Grünau",2657,"2019","08",20.4088602095579,71.9630922565806
"412","Zürich - Grünau",2657,"2019","09",17.1902176063304,75.1033184965381
"413","Zürich - Grünau",2657,"2019","10",12.657010230179,86.5788132992327
"414","Zürich - Grünau",2657,"2019","11",6.47466865025697,86.5016581011631
"415","Zürich - Grünau",2657,"2019","12",4.38823438704703,87.1183885890517
"416","Zürich - Grünau",2657,"2020","01",3.32100468505986,85.3601795939615
"417","Zürich - Grünau",2657,"2020","02",7.25473713962691,71.3184850197852
"418","Zürich - Grünau",2657,"2020","03",7.08968733297702,68.9332202030999
"419","Zürich - Grünau",2657,"2020","04",13.8212359241966,54.9701483109036
"420","Zürich - Grünau",2657,"2020","05",15.2536511752137,66.5972836538461
"421","Zürich - Grünau",2657,"2020","06",18.0179171301446,72.1587430478309
"422","Zürich - Grünau",2657,"2020","07",21.5786251342642,62.918783566058
"423","Zürich - Grünau",2657,"2020","08",21.1733665966387,68.1862920168067
"424","Zürich - Grünmatt",2624,"2019","05",14.0410257529463,NA
"425","Zürich - Grünmatt",2624,"2019","06",21.0390436639772,NA
"426","Zürich - Grünmatt",2624,"2019","07",22.3721758458879,NA
"427","Zürich - Grünmatt",2624,"2019","08",19.9436900114811,NA
"428","Zürich - Grünmatt",2624,"2019","09",15.8661206289603,NA
"429","Zürich - Grünmatt",2624,"2019","10",12.1250011609009,NA
"430","Zürich - Grünmatt",2624,"2019","11",7.39792307692308,NA
"431","Zürich - Hardplatz",2652,"2019","05",12.8598491670419,64.9325348941918
"432","Zürich - Hardplatz",2652,"2019","06",22.3268346870521,57.7342451027234
"433","Zürich - Hardplatz",2652,"2019","07",23.4154032070648,54.8709040204509
"434","Zürich - Hardplatz",2652,"2019","08",21.3521276595745,66.0449175233086
"435","Zürich - Hardplatz",2652,"2019","09",17.1784640278815,69.3811874533234
"436","Zürich - Hardplatz",2652,"2019","10",13.080824742268,85.9113445017182
"437","Zürich - Hardplatz",2652,"2019","11",6.73025727650728,83.8384121621622
"438","Zürich - Hardplatz",2652,"2019","12",4.56760080645161,84.9949873991935
"439","Zürich - Hardplatz",2652,"2020","01",3.3750563204005,83.3902603254068
"440","Zürich - Hardplatz",2652,"2020","02",7.36142585551331,68.879299293862
"441","Zürich - Hardplatz",2652,"2020","03",7.47501764112903,65.4135357862903
"442","Zürich - Hardplatz",2652,"2020","04",14.7523435454307,49.7440167583137
"443","Zürich - Hardplatz",2652,"2020","05",15.9767143587123,61.0373837506387
"444","Zürich - Hardplatz",2652,"2020","06",18.7402102803738,66.934955867082
"445","Zürich - Hardplatz",2652,"2020","07",22.5399079830888,57.4207311614026
"446","Zürich - Hardplatz",2652,"2020","08",22.0960908862666,63.867373838815
"447","Zürich - Hungerbergstrasse",529,"2019","05",10.3128420256992,79.1514890400605
"448","Zürich - Hungerbergstrasse",529,"2019","06",18.3943433564636,75.8123335903367
"449","Zürich - Hungerbergstrasse",529,"2019","07",19.5808934953538,72.8262878246367
"450","Zürich - Hungerbergstrasse",529,"2019","08",17.9341382598331,82.8118808104887
"451","Zürich - Hungerbergstrasse",529,"2019","09",14.1473605947955,84.0053705080545
"452","Zürich - Hungerbergstrasse",529,"2019","10",10.8274828599412,91.1860455435847
"453","Zürich - Hungerbergstrasse",529,"2019","11",4.85944554455446,87.8342326732673
"454","Zürich - Hungerbergstrasse",529,"2019","12",2.88900377714825,86.6554296506138
"455","Zürich - Hungerbergstrasse",529,"2020","01",1.72680572109654,84.4476019070322
"456","Zürich - Hungerbergstrasse",529,"2020","02",5.373933804952,73.467233451238
"457","Zürich - Hungerbergstrasse",529,"2020","03",6.40878017789072,72.0970870393901
"458","Zürich - Hungerbergstrasse",529,"2020","04",12.4276180904523,57.6523819095477
"459","Zürich - Hungerbergstrasse",529,"2020","05",13.1059606769537,71.0670333499253
"460","Zürich - Hungerbergstrasse",529,"2020","06",15.7829794871795,76.5793435897436
"461","Zürich - Hungerbergstrasse",529,"2020","07",18.989044044044,70.41247997998
"462","Zürich - Hungerbergstrasse",529,"2020","08",18.7762948006058,75.8190636042403
"463","Zürich - Irchelpark",2626,"2019","05",11.1652816078523,NA
"464","Zürich - Irchelpark",2626,"2019","06",20.0732171194999,NA
"465","Zürich - Irchelpark",2626,"2019","07",21.277267482114,NA
"466","Zürich - Irchelpark",2626,"2019","08",19.3701060640996,NA
"467","Zürich - Irchelpark",2626,"2019","09",15.4164005736138,NA
"468","Zürich - Irchelpark",2626,"2019","10",11.7218065566147,NA
"469","Zürich - Irchelpark",2626,"2019","11",5.595581637976,NA
"470","Zürich - Irchelpark",2626,"2019","12",3.72988758553275,NA
"471","Zürich - Irchelpark",2626,"2020","01",2.7048862512364,NA
"472","Zürich - Irchelpark",2626,"2020","02",6.44870164281929,NA
"473","Zürich - Irchelpark",2626,"2020","03",7.136827563249,NA
"474","Zürich - Irchelpark",2626,"2020","04",13.4412649619151,NA
"475","Zürich - Irchelpark",2626,"2020","05",14.2290822942643,NA
"476","Zürich - Irchelpark",2626,"2020","06",16.511626707132,NA
"477","Zürich - Kaserne",534,"2019","05",12.8343086124402,70.0944354066986
"478","Zürich - Kaserne",534,"2019","06",22.2393436486149,62.4642176191665
"479","Zürich - Kaserne",534,"2019","07",23.3761426844015,58.9588270858525
"480","Zürich - Kaserne",534,"2019","08",21.4244190968956,69.1909054562559
"481","Zürich - Kaserne",534,"2019","09",17.2095065950171,72.0068392769907
"482","Zürich - Kaserne",534,"2019","10",13.2441405328932,81.7653595850035
"483","Zürich - Kaserne",534,"2019","11",6.99355761988451,79.4646321867939
"484","Zürich - Kaserne",534,"2019","12",4.93505464480874,79.0939592647789
"485","Zürich - Kaserne",534,"2020","01",3.90809747649678,77.1096808510638
"486","Zürich - Kaserne",534,"2020","02",7.59859506302521,64.3240703781513
"487","Zürich - Kaserne",534,"2020","03",8.37501,65.0630333333333
"488","Zürich - Kaserne",534,"2020","04",15.2196447368421,49.0403184210526
"489","Zürich - Kaserne",534,"2020","05",16.0378865979381,58.1865807560137
"490","Zürich - Kaserne",534,"2020","06",18.7354789368104,63.3383500501505
"491","Zürich - Kaserne",534,"2020","07",22.541151026393,55.01477028348
"492","Zürich - Kaserne",534,"2020","08",22.2115384615385,60.1483966346154
"493","Zürich - Lindenhof",2659,"2019","05",12.1947330641543,68.0277815163751
"494","Zürich - Lindenhof",2659,"2019","06",21.6418126888218,60.6948152451778
"495","Zürich - Lindenhof",2659,"2019","07",22.9430280583614,57.6863973063973
"496","Zürich - Lindenhof",2659,"2019","08",20.8654099841879,68.8314343799413
"497","Zürich - Lindenhof",2659,"2019","09",17.4552349228611,69.5296318373072
"498","Zürich - Lindenhof",2659,"2019","10",13.0441398344066,81.0365869365225
"499","Zürich - Lindenhof",2659,"2019","11",6.67369814020029,81.3409370529328
"500","Zürich - Lindenhof",2659,"2019","12",4.67744418604651,81.2465488372093
"501","Zürich - Lindenhof",2659,"2020","01",3.44931156848829,80.3671871303525
"502","Zürich - Lindenhof",2659,"2020","02",7.37687046632124,66.413481865285
"503","Zürich - Lindenhof",2659,"2020","03",7.06288768849876,64.9640738239928
"504","Zürich - Lindenhof",2659,"2020","04",14.3812908458864,50.9192190034762
"505","Zürich - Lindenhof",2659,"2020","05",15.3340663528357,61.7781708137189
"506","Zürich - Lindenhof",2659,"2020","06",18.0652121922626,66.9767080890973
"507","Zürich - Lindenhof",2659,"2020","07",22.049972875226,57.9212296564195
"508","Zürich - Lindenhof",2659,"2020","08",21.6984389038634,63.322623539982
"509","Zürich - Nordlicht",2688,"2019","05",13.3743168433451,67.051578327444
"510","Zürich - Nordlicht",2688,"2019","06",21.2786701060476,60.6347578102608
"511","Zürich - Nordlicht",2688,"2019","07",22.3889481302774,59.2917997587455
"512","Zürich - Nordlicht",2688,"2019","08",20.5612191684285,70.262398402631
"513","Zürich - Nordlicht",2688,"2019","09",18.3349718574109,71.2136585365854
"514","Zürich - Nordlicht",2688,"2019","10",12.7587600356824,85.9130285459411
"515","Zürich - Nordlicht",2688,"2019","11",6.69736388140162,83.8388544474394
"516","Zürich - Nordlicht",2688,"2019","12",4.55734645669291,84.729031496063
"517","Zürich - Nordlicht",2688,"2020","01",3.47934296977661,82.7638160315374
"518","Zürich - Nordlicht",2688,"2020","02",7.14929498025945,69.8220642978003
"519","Zürich - Nordlicht",2688,"2020","03",7.06889944576405,66.4920770651887
"520","Zürich - Nordlicht",2688,"2020","04",14.0235575888052,52.1824784714747
"521","Zürich - Nordlicht",2688,"2020","05",15.2816568199332,64.5652298998202
"522","Zürich - Nordlicht",2688,"2020","06",18.0646272630458,70.7596751863685
"523","Zürich - Nordlicht",2688,"2020","07",21.7348167539267,61.0716623036649
"524","Zürich - Nordlicht",2688,"2020","08",21.5611099585062,67.1876270746888
"525","Zürich - Nordlicht-2",2655,"2019","05",12.1823810634328,68.3400303171642
"526","Zürich - Nordlicht-2",2655,"2019","06",21.4211810449575,61.3465686512758
"527","Zürich - Nordlicht-2",2655,"2019","07",22.5704215013024,58.2813260715131
"528","Zürich - Nordlicht-2",2655,"2019","08",20.5939829907867,69.4939239310182
"529","Zürich - Nordlicht-2",2655,"2019","09",18.1661371841155,71.0002888086643
"530","Zürich - Nordlicht-2",2655,"2019","10",12.7047834456208,83.5577237728585
"531","Zürich - Nordlicht-2",2655,"2019","11",6.27491013071895,85.0330909586057
"532","Zürich - Nordlicht-2",2655,"2019","12",4.24056439942113,85.7276931982634
"533","Zürich - Nordlicht-2",2655,"2020","01",3.21754941713127,83.4607932083122
"534","Zürich - Nordlicht-2",2655,"2020","02",7.07775875902648,69.753369884996
"535","Zürich - Nordlicht-2",2655,"2020","03",7.09854790419162,66.5039520958084
"536","Zürich - Nordlicht-2",2655,"2020","04",14.3159166235111,51.0601864319006
"537","Zürich - Nordlicht-2",2655,"2020","05",15.3459295845998,63.748789260385
"538","Zürich - Nordlicht-2",2655,"2020","06",18.0959025641026,69.8285307692308
"539","Zürich - Nordlicht-2",2655,"2020","07",21.8590897693079,59.8768480441324
"540","Zürich - Nordlicht-2",2655,"2020","08",21.4879691772309,66.8998881431767
"541","Zürich - Oerlikerpark",2696,"2019","05",11.8804824761038,72.025070550751
"542","Zürich - Oerlikerpark",2696,"2019","06",20.7816425648022,64.954619372442
"543","Zürich - Oerlikerpark",2696,"2019","07",21.9490270766407,63.4541027994493
"544","Zürich - Oerlikerpark",2696,"2019","08",19.9709181084198,75.4169019607843
"545","Zürich - Oerlikerpark",2696,"2019","09",17.3996441281139,77.7971886120996
"546","Zürich - Oerlikerpark",2696,"2019","10",12.2010465652374,88.3112678653758
"547","Zürich - Oerlikerpark",2696,"2019","11",5.96813930098064,87.1889489564999
"548","Zürich - Oerlikerpark",2696,"2019","12",3.8641844143272,85.369390125847
"549","Zürich - Oerlikerpark",2696,"2020","01",2.6780959198282,83.5975853018373
"550","Zürich - Oerlikerpark",2696,"2020","02",6.76395348837209,70.5126330749354
"551","Zürich - Oerlikerpark",2696,"2020","03",6.58145365853659,68.481056097561
"552","Zürich - Oerlikerpark",2696,"2020","04",13.6159585084034,54.8787237394958
"553","Zürich - Oerlikerpark",2696,"2020","05",14.6238129844961,68.6212669573643
"554","Zürich - Oerlikerpark",2696,"2020","06",17.5262719518314,74.202513798294
"555","Zürich - Oerlikerpark",2696,"2020","07",21.084209375759,65.3160505222249
"556","Zürich - Oerlikerpark",2696,"2020","08",20.8459766763848,71.805444606414
"557","Zürich - offene Rennbahn",2683,"2019","05",12.0571473424535,69.5613343799058
"558","Zürich - offene Rennbahn",2683,"2019","06",21.062307483731,60.9182239696312
"559","Zürich - offene Rennbahn",2683,"2019","07",22.3781730553688,59.059184039453
"560","Zürich - offene Rennbahn",2683,"2019","08",20.2320661542045,70.8138178430002
"561","Zürich - offene Rennbahn",2683,"2019","09",16.2375541579315,72.7895853715351
"562","Zürich - offene Rennbahn",2683,"2019","10",12.4231176746367,83.6169503047351
"563","Zürich - offene Rennbahn",2683,"2019","11",5.20373885123082,82.3964252586514
"564","Zürich - offene Rennbahn",2683,"2019","12",3.93650960658737,82.4353934126258
"565","Zürich - offene Rennbahn",2683,"2020","01",2.8279859696764,79.5723308440824
"566","Zürich - offene Rennbahn",2683,"2020","02",6.73315177923021,66.6879738562092
"567","Zürich - offene Rennbahn",2683,"2020","03",6.66375936435868,64.7168467650397
"568","Zürich - offene Rennbahn",2683,"2020","04",13.7224964772194,52.7058196336308
"569","Zürich - offene Rennbahn",2683,"2020","05",15.0266841505131,62.4212063854048
"570","Zürich - offene Rennbahn",2683,"2020","06",17.8026381672178,67.2634907888522
"571","Zürich - offene Rennbahn",2683,"2020","07",21.4781847725162,59.3978017641597
"572","Zürich - offene Rennbahn",2683,"2020","08",21.1489833256137,64.4977142195461
"573","Zürich - Paradeplatz",2680,"2019","05",13.014337072922,64.9831769505354
"574","Zürich - Paradeplatz",2680,"2019","06",22.3865265941816,56.3310667058478
"575","Zürich - Paradeplatz",2680,"2019","07",23.5514775928297,54.9650371318822
"576","Zürich - Paradeplatz",2680,"2019","08",21.586012987013,65.4524961038961
"577","Zürich - Paradeplatz",2680,"2019","09",18.5602297702298,66.9327172827173
"578","Zürich - Paradeplatz",2680,"2019","10",13.4919777721647,79.6224374842132
"579","Zürich - Paradeplatz",2680,"2019","11",7.38225581395349,79.7541782945736
"580","Zürich - Paradeplatz",2680,"2019","12",5.3985064612326,80.4074925447316
"581","Zürich - Paradeplatz",2680,"2020","01",4.18399850523169,79.954389636273
"582","Zürich - Paradeplatz",2680,"2020","02",7.80350802139037,66.6844304812834
"583","Zürich - Paradeplatz",2680,"2020","03",7.72805970149254,64.5740146724007
"584","Zürich - Paradeplatz",2680,"2020","04",15.0186407263294,49.3450142671855
"585","Zürich - Paradeplatz",2680,"2020","05",16.2030809859155,60.0343561368209
"586","Zürich - Paradeplatz",2680,"2020","06",18.811279809221,66.5660943296237
"587","Zürich - Paradeplatz",2680,"2020","07",22.5368266057375,57.8692866209698
"588","Zürich - Paradeplatz",2680,"2020","08",22.3315351542742,63.6808725341426
"589","Zürich - Perron-HB",2689,"2019","05",16.3677622377622,61.3135219326128
"590","Zürich - Perron-HB",2689,"2019","06",22.2432962079024,56.1476584460355
"591","Zürich - Perron-HB",2689,"2019","07",23.2586707152497,55.7450832208727
"592","Zürich - Perron-HB",2689,"2019","08",21.3212189512419,66.5346343146274
"593","Zürich - Perron-HB",2689,"2019","09",17.9848677839851,69.2497355679702
"594","Zürich - Perron-HB",2689,"2019","10",13.1318757165788,81.9906925017198
"595","Zürich - Perron-HB",2689,"2019","11",6.83099878787879,82.9742666666667
"596","Zürich - Perron-HB",2689,"2019","12",4.79252436415498,83.4817209412883
"597","Zürich - Perron-HB",2689,"2020","01",3.65975167144222,81.6304799426934
"598","Zürich - Perron-HB",2689,"2020","02",7.49681418154388,67.9830349509681
"599","Zürich - Perron-HB",2689,"2020","03",7.46784388386483,65.4608591147073
"600","Zürich - Perron-HB",2689,"2020","04",14.7461487964989,50.5196669097982
"601","Zürich - Perron-HB",2689,"2020","05",15.9232957481795,61.5218792576932
"602","Zürich - Perron-HB",2689,"2020","06",18.6065068159688,67.3719790652386
"603","Zürich - Perron-HB",2689,"2020","07",22.442233490566,58.2475518867925
"604","Zürich - Perron-HB",2689,"2020","08",22.094240850059,64.1910247933884
"605","Zürich - Rosengartenstrasse",533,"2020","04",14.8140114535042,52.9539296427597
"606","Zürich - Rosengartenstrasse",533,"2020","05",15.5595580972186,64.872500649857
"607","Zürich - Rosengartenstrasse",533,"2020","06",18.2878210327115,70.7519870235199
"608","Zürich - Rosengartenstrasse",533,"2020","07",22.2238957947633,60.8092435863528
"609","Zürich - Rosengartenstrasse",533,"2020","08",21.8233034773446,66.6817413066386
"610","Zürich - Schimmelstrasse",536,"2019","05",12.621140744061,68.9135948005379
"611","Zürich - Schimmelstrasse",536,"2019","06",21.9122085462146,61.4018323269856
"612","Zürich - Schimmelstrasse",536,"2019","07",22.9707916573223,57.9011325409285
"613","Zürich - Schimmelstrasse",536,"2019","08",20.9327293115048,68.5848957165284
"614","Zürich - Schimmelstrasse",536,"2019","09",16.8751039206424,71.1293150684932
"615","Zürich - Schimmelstrasse",536,"2019","10",13.0512019770838,82.2218175690856
"616","Zürich - Schimmelstrasse",536,"2019","11",6.97804957146166,82.3189923558026
"617","Zürich - Schimmelstrasse",536,"2019","12",4.99086040779745,82.6917275375308
"618","Zürich - Schimmelstrasse",536,"2020","01",3.86411474675034,81.5427633348274
"619","Zürich - Schimmelstrasse",536,"2020","02",7.54453346126169,68.5122451427201
"620","Zürich - Schimmelstrasse",536,"2020","03",7.61858518320407,67.1284808772399
"621","Zürich - Schimmelstrasse",536,"2020","04",14.7160149469624,51.9570202507232
"622","Zürich - Schimmelstrasse",536,"2020","05",15.780726005844,62.3569925826028
"623","Zürich - Schimmelstrasse",536,"2020","06",18.4722923433875,68.6864315545244
"624","Zürich - Schimmelstrasse",536,"2020","07",22.1677158273381,59.7678732014388
"625","Zürich - Schimmelstrasse",536,"2020","08",21.7629567956796,65.9357898289829
"626","Zürich - Schulhaus-Borrweg",2622,"2019","05",11.4432188065099,NA
"627","Zürich - Schulhaus-Borrweg",2622,"2019","06",20.341548265282,NA
"628","Zürich - Schulhaus-Borrweg",2622,"2019","07",21.3507444168735,NA
"629","Zürich - Schulhaus-Borrweg",2622,"2019","08",19.4170124013529,NA
"630","Zürich - Schulhaus-Borrweg",2622,"2019","09",15.5605903021785,NA
"631","Zürich - Schulhaus-Borrweg",2622,"2019","10",11.9508041799182,NA
"632","Zürich - Schulhaus-Borrweg",2622,"2019","11",7.27962762356127,NA
"633","Zürich - Schulhaus-Borrweg",2660,"2020","06",16.9758166825246,77.6029337139232
"634","Zürich - Schulhaus-Borrweg",2660,"2020","07",20.4228194726166,66.148985801217
"635","Zürich - Schulhaus-Borrweg",2660,"2020","08",20.0565866599293,72.9562784234462
"636","Zürich - Schulhaus-Im-Gut",2813,"2019","05",13.5182410629548,NA
"637","Zürich - Schulhaus-Im-Gut",2813,"2019","06",21.1447740469578,NA
"638","Zürich - Schulhaus-Im-Gut",2813,"2019","07",22.1536503732242,NA
"639","Zürich - Schulhaus-Im-Gut",2813,"2019","08",20.1939920579304,NA
"640","Zürich - Schulhaus-Im-Gut",2813,"2019","09",16.2502834107012,NA
"641","Zürich - Schulhaus-Im-Gut",2813,"2019","10",12.4089071965108,NA
"642","Zürich - Schulhaus-Im-Gut",2813,"2019","11",6.2829506466086,NA
"643","Zürich - Schulhaus-Im-Gut",2813,"2019","12",4.40074516785351,NA
"644","Zürich - Schulhaus-Im-Gut",2813,"2020","01",3.21986213939239,NA
"645","Zürich - Schulhaus-Im-Gut",2813,"2020","02",7.10549959382616,NA
"646","Zürich - Schulhaus-Im-Gut",2813,"2020","03",5.1294395280236,NA
"647","Zürich - Schulhaus-Im-Gut",2813,"2020","04",14.0132894043226,NA
"648","Zürich - Schulhaus-Im-Gut",2813,"2020","05",15.1729680715198,NA
"649","Zürich - Schulhaus-Im-Gut",2813,"2020","06",17.9085825086922,NA
"650","Zürich - Schulhaus-Im-Gut",2813,"2020","07",21.3645287356322,NA
"651","Zürich - Schulhaus-Im-Gut",2813,"2020","08",21.113275950668,NA
"652","Zürich - Schulhaus-Pfingstweid",2815,"2019","05",13.9135488261313,NA
"653","Zürich - Schulhaus-Pfingstweid",2815,"2019","06",21.7537461851475,NA
"654","Zürich - Schulhaus-Pfingstweid",2815,"2019","07",22.9275285076847,NA
"655","Zürich - Schulhaus-Pfingstweid",2815,"2019","08",20.9601773226773,NA
"656","Zürich - Schulhaus-Pfingstweid",2815,"2019","09",16.9645807926829,NA
"657","Zürich - Schulhaus-Pfingstweid",2815,"2019","10",12.9087450592885,NA
"658","Zürich - Schulhaus-Pfingstweid",2815,"2019","11",6.66950888192267,NA
"659","Zürich - Schulhaus-Pfingstweid",2815,"2019","12",4.5793944059533,NA
"660","Zürich - Schulhaus-Pfingstweid",2815,"2020","01",3.57416307926057,NA
"661","Zürich - Schulhaus-Pfingstweid",2815,"2020","02",7.33114068441065,NA
"662","Zürich - Schulhaus-Pfingstweid",2815,"2020","03",5.40028630705394,NA
"663","Zürich - Schulhaus-Pfingstweid",2815,"2020","04",14.5670156789795,NA
"664","Zürich - Schulhaus-Pfingstweid",2815,"2020","05",15.6411752415774,NA
"665","Zürich - Schulhaus-Pfingstweid",2815,"2020","06",18.3399578725645,NA
"666","Zürich - Schulhaus-Pfingstweid",2815,"2020","07",22.1597854954035,NA
"667","Zürich - Schulhaus-Pfingstweid",2815,"2020","08",21.898320230608,NA
"668","Zürich - ScienceCity",2690,"2019","05",11.2814181818182,73.0159454545455
"669","Zürich - ScienceCity",2690,"2019","06",20.5118040268456,63.5695785234899
"670","Zürich - ScienceCity",2690,"2019","07",21.6418963566418,61.8320389228332
"671","Zürich - ScienceCity",2690,"2019","08",19.8264919446335,73.0121465849784
"672","Zürich - ScienceCity",2690,"2019","09",15.5919276613235,74.2366584463625
"673","Zürich - ScienceCity",2690,"2019","10",11.9090483761072,87.6213536225301
"674","Zürich - ScienceCity",2690,"2019","11",5.55745069393718,88.3559946432919
"675","Zürich - ScienceCity",2690,"2019","12",3.60755393996248,87.3897396810507
"676","Zürich - ScienceCity",2690,"2020","01",2.54341031024026,85.6887707021227
"677","Zürich - ScienceCity",2690,"2020","02",6.29521186440678,72.4613908275174
"678","Zürich - ScienceCity",2690,"2020","03",6.13677297424994,69.8579683439641
"679","Zürich - ScienceCity",2690,"2020","04",13.373543817527,54.0022016806723
"680","Zürich - ScienceCity",2690,"2020","05",14.260582278481,67.9400897583429
"681","Zürich - ScienceCity",2690,"2020","06",17.0361085972851,74.0212574422482
"682","Zürich - ScienceCity",2690,"2020","07",20.9350057484479,63.0490089675788
"683","Zürich - ScienceCity",2690,"2020","08",20.6490883850069,69.9192341508561
"684","Zürich - Sechseläutenplatz",2682,"2019","05",12.9894708520179,65.6211816143498
"685","Zürich - Sechseläutenplatz",2682,"2019","06",22.2698682510979,58.0401239989667
"686","Zürich - Sechseläutenplatz",2682,"2019","07",23.4289551569507,56.4229955156951
"687","Zürich - Sechseläutenplatz",2682,"2019","08",21.4275190668461,67.2385711081202
"688","Zürich - Sechseläutenplatz",2682,"2019","09",18.0859797083069,68.3316962587191
"689","Zürich - Sechseläutenplatz",2682,"2019","10",13.4767535971223,80.8844986510791
"690","Zürich - Sechseläutenplatz",2682,"2019","11",7.31586371217536,81.2698332142006
"691","Zürich - Sechseläutenplatz",2682,"2019","12",5.35310272045028,81.9243574108818
"692","Zürich - Sechseläutenplatz",2682,"2020","01",4.02243187066975,82.066311778291
"693","Zürich - Sechseläutenplatz",2682,"2020","02",7.82421157684631,67.7680988023952
"694","Zürich - Sechseläutenplatz",2682,"2020","03",7.54879378334493,66.924671769891
"695","Zürich - Sechseläutenplatz",2682,"2020","04",14.8208702948933,52.224619995205
"696","Zürich - Sechseläutenplatz",2682,"2020","05",16.1212797281993,61.6643306908267
"697","Zürich - Sechseläutenplatz",2682,"2020","06",18.7293012386071,67.7578990418322
"698","Zürich - Sechseläutenplatz",2682,"2020","07",22.4143432059688,59.1623988243274
"699","Zürich - Sechseläutenplatz",2682,"2020","08",22.2004873073436,64.9486990027198
"700","Zürich - Sihlfeld",537,"2019","05",11.8646115616008,73.0743238294533
"701","Zürich - Sihlfeld",537,"2019","06",20.87983495671,65.50295995671
"702","Zürich - Sihlfeld",537,"2019","07",21.8873209685729,62.1678438948995
"703","Zürich - Sihlfeld",537,"2019","08",19.4135518796992,73.006977443609
"704","Zürich - Sihlfeld",537,"2019","09",15.7253602962119,74.4126402734264
"705","Zürich - Sihlfeld",537,"2019","10",11.96141124871,85.6281398348813
"706","Zürich - Sihlfeld",537,"2019","11",5.83069859751257,87.9052553585605
"707","Zürich - Sihlfeld",537,"2019","12",3.72933995922528,89.0067813455658
"708","Zürich - Sihlfeld",537,"2020","01",2.5417780061665,87.6528622816033
"709","Zürich - Sihlfeld",537,"2020","02",6.58649199022536,74.8008525658431
"710","Zürich - Sihlfeld",537,"2020","03",6.56752312435766,72.3348124357657
"711","Zürich - Sihlfeld",537,"2020","04",13.4188070456365,58.2477929009875
"712","Zürich - Sihlfeld",537,"2020","05",14.7415537321334,69.3181445209105
"713","Zürich - Sihlfeld",537,"2020","06",17.6302804232804,74.2296507936508
"714","Zürich - Sihlfeld",537,"2020","07",20.9596999210319,67.2902500658068
"715","Zürich - Sihlfeld",537,"2020","08",20.7364231672319,72.375820506131
"716","Zürich - Vulkanplatz",2695,"2019","05",12.4915601882986,68.6727908540686
"717","Zürich - Vulkanplatz",2695,"2019","06",22.0974685204617,60.8028357817419
"718","Zürich - Vulkanplatz",2695,"2019","07",23.0582959537572,58.7586959537572
"719","Zürich - Vulkanplatz",2695,"2019","08",21.1202352672453,69.7077866605756
"720","Zürich - Vulkanplatz",2695,"2019","09",16.8117130977131,71.0219708939709
"721","Zürich - Vulkanplatz",2695,"2019","10",12.7542886884108,84.2593106638908
"722","Zürich - Vulkanplatz",2695,"2019","11",6.3487170433145,83.4539006591337
"723","Zürich - Vulkanplatz",2695,"2019","12",4.21385496183206,83.6602896273013
"724","Zürich - Vulkanplatz",2695,"2020","01",2.99921815322399,82.1147809481016
"725","Zürich - Vulkanplatz",2695,"2020","02",7.04194782608696,69.716149068323
"726","Zürich - Vulkanplatz",2695,"2020","03",6.8913072519084,67.4768058206107
"727","Zürich - Vulkanplatz",2695,"2020","04",14.273740204227,52.8544621230112
"728","Zürich - Vulkanplatz",2695,"2020","05",15.5229810798339,64.5662436548223
"729","Zürich - Vulkanplatz",2695,"2020","06",18.3990402930403,70.0133650793651
"730","Zürich - Vulkanplatz",2695,"2020","07",22.3327452875785,60.4126002899952
"731","Zürich - Vulkanplatz",2695,"2020","08",22.081862170088,66.578651026393
"732","Zürich - Werdinsel",535,"2019","05",11.3486153846154,77.9731230769231
"733","Zürich - Werdinsel",535,"2019","06",19.7879107667646,71.2358616083356
"734","Zürich - Werdinsel",535,"2019","07",21.0782657485335,64.8253073195613
"735","Zürich - Werdinsel",535,"2019","08",19.4659464426359,71.4889288527173
"736","Zürich - Werdinsel",535,"2019","09",15.6399312533051,72.4877234267583
"737","Zürich - Werdinsel",535,"2019","10",11.8304260204082,82.6337193877551
"738","Zürich - Werdinsel",535,"2019","11",11.1523929961089,82.2279961089494
"739","Zürich - Werdinsel-alt",535,"2019","11",5.28168057210965,78.0972228843862
"740","Zürich - Werdinsel-alt",535,"2019","12",4.09445717131474,79.3647410358566
"741","Zürich - Werdinsel-alt",535,"2020","01",3.01696227829128,77.8360679490382
"742","Zürich - Werdinsel-alt",535,"2020","02",6.84609828943796,66.2909801792017
"743","Zürich - Werdinsel-alt",535,"2020","03",6.56640676255362,65.0555664900328
"744","Zürich - Werdinsel-alt",535,"2020","04",12.536017418844,52.7956690419636
"745","Zürich - Wiedikon-Bertastrasse",2816,"2019","05",13.8526007711181,NA
"746","Zürich - Wiedikon-Bertastrasse",2816,"2019","06",21.5337673056443,NA
"747","Zürich - Wiedikon-Bertastrasse",2816,"2019","07",22.5257929155313,NA
"748","Zürich - Wiedikon-Bertastrasse",2816,"2019","08",20.4986469072165,NA
"749","Zürich - Wiedikon-Bertastrasse",2816,"2019","09",16.4656620762712,NA
"750","Zürich - Wiedikon-Bertastrasse",2816,"2019","10",12.6323184357542,NA
"751","Zürich - Wiedikon-Bertastrasse",2816,"2019","11",6.51664255091104,NA
"752","Zürich - Wiedikon-Bertastrasse",2816,"2019","12",4.5282591925945,NA
"753","Zürich - Wiedikon-Bertastrasse",2816,"2020","01",3.48019326194829,NA
"754","Zürich - Wiedikon-Bertastrasse",2816,"2020","02",7.24320100642997,NA
"755","Zürich - Wiedikon-Bertastrasse",2816,"2020","03",6.80450791096809,NA
"756","Zürich - Wiedikon-Bertastrasse",2816,"2020","04",14.3229255751015,NA
"757","Zürich - Wiedikon-Bertastrasse",2816,"2020","05",15.6656213796735,NA
"758","Zürich - Wiedikon-Bertastrasse",2816,"2020","06",18.3076531165312,NA
"759","Zürich - Wiedikon-Bertastrasse",2816,"2020","07",21.6921824449748,NA
"760","Zürich - Wiedikon-Bertastrasse",2816,"2020","08",21.504592825347,NA
"761","Zürich - Witikon",2653,"2019","05",10.6166578121227,74.6859913064477
"762","Zürich - Witikon",2653,"2019","06",20.0872529694213,65.3923174121809
"763","Zürich - Witikon",2653,"2019","07",20.9477088249174,64.0284261444077
"764","Zürich - Witikon",2653,"2019","08",18.9843691644721,75.19845343548
"765","Zürich - Witikon",2653,"2019","09",14.9333870486422,78.0999612056103
"766","Zürich - Witikon",2653,"2019","10",11.2711310782241,90.6607241014799
"767","Zürich - Witikon",2653,"2019","11",5.104102873702,89.1713426708525
"768","Zürich - Witikon",2653,"2019","12",3.47411697247706,87.3447133027523
"769","Zürich - Witikon",2653,"2020","01",2.27868177613321,85.7994056429232
"770","Zürich - Witikon",2653,"2020","02",5.93618037812979,71.742874297394
"771","Zürich - Witikon",2653,"2020","03",5.47019277108434,71.7611710843373
"772","Zürich - Witikon",2653,"2020","04",12.6734887737478,55.5119935849988
"773","Zürich - Witikon",2653,"2020","05",13.5832897657213,69.8344784217016
"774","Zürich - Witikon",2653,"2020","06",16.204682404478,76.1601946945729
"775","Zürich - Witikon",2653,"2020","07",19.9059310506567,66.7697091932458
"776","Zürich - Witikon",2653,"2020","08",19.7763707201889,70.9596080283353
"777","Zürich - Zürihorn",2679,"2019","05",11.9821034482759,71.406216091954
"778","Zürich - Zürihorn",2679,"2019","06",20.7220289480486,65.9231765314035
"779","Zürich - Zürihorn",2679,"2019","07",22.0172286995516,64.4623071748879
"780","Zürich - Zürihorn",2679,"2019","08",19.9858010306968,75.9965874971992
"781","Zürich - Zürihorn",2679,"2019","09",16.7370783322805,76.9549905243209
"782","Zürich - Zürihorn",2679,"2019","10",12.5249136190263,87.5732981826341
"783","Zürich - Zürihorn",2679,"2019","11",6.81639397450753,85.8769478563152
"784","Zürich - Zürihorn",2679,"2019","12",4.77391567616057,86.1488629737609
"785","Zürich - Zürihorn",2679,"2020","01",3.34600942126514,86.7154127411395
"786","Zürich - Zürihorn",2679,"2020","02",6.96646818727491,73.0087034813926
"787","Zürich - Zürihorn",2679,"2020","03",6.52090051650573,72.6889108466203
"788","Zürich - Zürihorn",2679,"2020","04",13.694925093633,58.4179026217228
"789","Zürich - Zürihorn",2679,"2020","05",15.3066990730274,66.7776486547592
"790","Zürich - Zürihorn",2679,"2020","06",18.1034754098361,72.4273325526932
"791","Zürich - Zürihorn",2679,"2020","07",21.4348167420814,65.7133891402715
"792","Zürich - Zürihorn",2679,"2020","08",21.2710403397028,69.6744137768342
